Bus1->Bus2,Bus2->Bus3,Bus3->Bus4,Bus4->Bus5,Bus6->Bus7,Bus7->Bus8,Bus8->Bus9,Bus9->Bus10,Bus10->Bus11,Bus11->Bus12,Bus12->Bus13,Bus13->Bus14,Bus14->Bus15,Bus15->Bus16,Bus16->Bus17,Bus17->Bus18,Bus18->Bus19,Bus19->Bus20,Bus1->Bus6,Bus2->Bus7,Bus3->Bus8,Bus4->Bus9,Bus5->Bus10
-2274.338504359671,-4726.8082250604,-3845.811804202525,-842.6231511526727,-180.5013238349793,1734.9837460163235,-1898.0785820584497,126.88919876470663,2553.721857538182,-5000.0,-5000.0,-5000.0,-4133.713118586648,-3269.027630352007,-2514.5945979139715,-1625.5363267320326,-1064.5574124664754,-560.3245481943386,1500.0,1500.0,1500.0,1500.0,1500.0
-2194.8072194471342,-4549.45003330916,-1199.878611016682,424.24948423924457,2130.7258342521054,-699.1534738594173,3008.894195038919,5000.0,1717.1144332676631,2711.053167889496,3192.172130502774,2956.661577852895,5000.0,-787.3419359223317,-2497.289273791491,-1668.9347567278155,-1059.7911414363498,-555.5582771642139,1500.0,1500.0,1500.0,1500.0,1500.0
-2090.2037401809807,-4316.179767979789,-3942.2652476082485,-935.1681246560813,2182.1576743274936,-887.3472772797386,-2680.1626739917683,-685.000537546055,1734.011077923683,2639.3773683438612,3106.170822368181,2047.1012935101317,4254.697608912455,5000.0,-613.2475605434147,-1625.66132089231,-1128.387894503403,-582.3319636119604,1500.0,1500.0,1500.0,1500.0,1500.0
-2050.638446599466,-4227.947458726376,67.84710417187239,1231.9572853645946,-3285.618016333977,-1256.4280870495368,2338.3165170708226,1054.4294117327863,3400.9708229819807,4303.6157744009915,-825.6967052403561,-359.9740453011045,-4120.69246033936,-3376.355980248305,-2604.024187117482,-1714.1014724822026,-1185.7088380274563,-612.0935148559511,1500.0,1500.0,1500.0,1500.0,1500.0
-2116.580116415316,-3860.010795048128,-530.2084436074538,-1372.7736879730041,2153.519986565795,4174.306346497686,2073.2252903691797,-1872.9355397186082,575.4504718460466,1081.627506553109,1674.5948297864052,2082.4194435480504,4169.824528916583,5000.0,2038.295933505773,3031.222066082327,3519.81416983327,-585.1985985994806,1500.0,1500.0,1500.0,1500.0,1500.0
-2247.982734050429,-4668.03372180173,-396.8657982928869,-663.1648513207128,-960.045415255805,1098.1463039451219,-2180.6787234171316,-183.18775788105359,2251.2041691554005,-5000.0,-4390.818446785638,-3988.4042695311664,-4346.355510255392,-3563.861941728018,-2734.3677698033525,-1747.129880758922,-1209.8433724367596,-580.5209648970058,1500.0,1500.0,1500.0,1500.0,1500.0
-2354.720712807374,84.9791536887235,1154.7408748978307,-365.46635824416853,259.7570878593133,-5000.0,-2360.311487363959,-458.9365922275174,-5000.0,-4143.811637753054,-5000.0,-5000.0,-3970.307008049951,-3183.4078501960394,-2350.8872812636037,-1463.805260792944,-1038.1213142962133,-533.8884500240774,1500.0,1500.0,1500.0,1500.0,1500.0
5000.0,3943.6748754456585,1625.2670574317904,-1159.8094574318961,-2479.6225965129534,-488.2053695072418,3098.371007927457,5000.0,3594.9470738908703,-5000.0,-5000.0,-5000.0,-4052.7513362015497,-3284.992982988705,-2528.366307322044,-1625.4400177743591,-1136.8574162071109,-545.5736040698557,1500.0,1500.0,1500.0,1500.0,1500.0
-2280.64102265605,-4309.823471016963,-2167.6986059019428,-2055.8421274389666,-673.1545071516675,1441.7656787144997,5000.0,818.9852155919098,3251.726727393192,4189.736674676387,4614.094515443474,5000.0,-1242.0334427997095,-3216.3899293018094,-2483.627149396976,-1578.4521636887303,-1146.341108651408,-642.108244379272,1500.0,1500.0,1500.0,1500.0,1500.0
-2174.419514241503,-4503.984572349934,-3482.8091887614646,-1681.3798158677598,-4453.785345152261,-2404.835569015123,1121.4891403963375,-3207.19655654508,-767.9865068877953,137.7808469486572,586.6136026664444,941.0585466504162,-4087.747013999602,-3409.318342075793,-2609.570944568428,-1726.532977688802,-1296.3616174014242,-654.4833774231984,1500.0,1500.0,1500.0,1500.0,1500.0
-2110.4281453911767,-728.6682381357501,508.9647469495993,934.3386658532372,-536.893076571203,1466.244100120699,5000.0,1620.1711306564448,4119.3537091658,5000.0,1461.007138786982,-5000.0,-2962.651357015505,-2177.559005446343,-1396.3890644393523,-485.8504077969119,-1179.0062230963358,-568.9667732670014,1500.0,1500.0,1500.0,1500.0,1500.0
-2202.188851299778,-1501.0694773117084,474.45541820607264,215.58863184475217,-1792.0130339652105,273.508378814292,-2778.357369266145,-752.5734653816562,1802.4106252811089,-5000.0,-4556.35690768846,-4127.189291374675,-2026.5535447248285,-3345.2206373144327,-2516.100301337706,-1659.5333728732749,-1226.669043644044,-579.7292770851891,1500.0,1500.0,1500.0,1500.0,1500.0
-2330.3946101502243,-1074.59367782863,-1160.8363310166014,-556.1242127956408,-5000.0,-3604.45596743433,-58.990216510779646,1831.2922226352894,4285.228267870987,5000.0,-3056.1225593874387,-5000.0,-3983.5158496479617,-3266.499143175015,-2361.60820734586,-1531.2945970232386,-1121.2202646525284,-527.1842588531154,1500.0,1500.0,1500.0,1500.0,1500.0
5000.0,3884.117232021659,1504.7082674147248,-1376.1531839330094,-5000.0,-3855.6147172940828,-361.45953833334625,1613.7806460374477,4127.381298876051,5000.0,-4086.610081085969,-5000.0,-4226.873941763697,-3500.154968958648,-2669.923183144547,-1760.7375435316771,-1336.8745001927728,-624.581001973148,1500.0,1500.0,1500.0,1500.0,1500.0
-2430.568215396138,-2760.528028097217,-2165.0049021117647,-2157.9659676495403,-5000.0,-2922.0047623555156,611.6475995861811,-5000.0,-2463.7692582575373,-5000.0,-5000.0,-5000.0,-4231.804473523674,-3553.3758015998656,-2693.214708859795,-1793.441288310687,-1302.4959202050359,-591.4308302242316,1500.0,1500.0,1500.0,1500.0,1500.0
5000.0,5000.0,5000.0,2408.6571563762545,-5000.0,-5000.0,-2162.500729221477,-203.65514942978007,2348.4504343097497,3073.305109507027,-5000.0,-5000.0,-4257.707869893484,-3497.281530675934,-2623.953283785934,-1806.3636248931725,-1344.4445192665617,-646.3022850716989,1500.0,1500.0,1500.0,1500.0,1500.0
-2227.3076529599675,-2668.2524417715013,-1552.6607954034369,-2646.9827939656807,-857.3426751246016,-5000.0,-1480.671761480662,-1278.1528233045337,1249.1069336118944,2080.4281706165875,2526.424148514463,3067.2692857725833,5000.0,-1220.6536722124347,-2517.0234162648485,-1625.4428772195424,-1167.0500205320122,-495.4728932912931,1500.0,1500.0,1500.0,1500.0,1500.0
-2186.8957431393515,-3090.1509680540694,-3840.9123684515666,-2043.3652712104583,2234.7030350520727,4427.44575776167,5000.0,520.3012361930387,-2531.732942896171,-1667.2277695084622,-5000.0,-5000.0,-2953.3431008372327,-3195.4047971980735,-2425.020199363372,-1621.031680243589,-1224.9554085091913,-509.92522002758506,1500.0,1500.0,1500.0,1500.0,1500.0
-2093.5960838894634,-2292.35039636689,-3536.8236303200347,-2400.20202596292,-5000.0,-2897.3695168689965,-5000.0,-2996.3229656216217,-522.360036748094,257.56195441342425,879.7803125317432,1438.6506426167016,3486.640778688762,-2918.8803615686656,-2403.5873175892066,-1566.6054800689717,-1186.7551109129327,-529.3622115713997,1500.0,1500.0,1500.0,1500.0,1500.0
-2373.3418348203113,-3674.2846579381126,-2201.1797457456114,-1736.102669217154,-5000.0,-2901.7616272123887,-5000.0,-2958.3599919294593,-442.7230013986036,-5000.0,-5000.0,-5000.0,-4259.511184839171,-3512.403510446714,-2612.9427074772602,-1758.5900493206063,-1279.635817490419,-538.8559003032624,1500.0,1500.0,1500.0,1500.0,1500.0
-2462.7482669772216,-4534.136093818081,-4024.679332199096,-2361.705952262575,-5000.0,-2879.8191004270757,660.3570738365161,2641.359776166528,5000.0,-4722.567230537526,-5000.0,-5000.0,-4304.533592847781,-3502.49614892139,-2553.0087762871653,-1751.8379539884,-1268.707444212826,-484.5212683678383,1500.0,1500.0,1500.0,1500.0,1500.0
-2452.1787620623177,-4548.170425673393,-5000.0,-2153.793982334239,1752.9147850673144,3824.3616847694184,-1625.613879720272,342.6409640884258,-5000.0,-5000.0,-5000.0,-5000.0,-4133.323242608522,-3399.834071095672,-2536.053969004676,-1720.2083655424394,-1198.0295133250547,-440.7153357165753,1500.0,1500.0,1500.0,1500.0,1500.0
-2349.9784266120814,-4895.48851043043,-4789.493187176586,-2814.7335912164554,2325.851565829662,-636.3886799061866,-5000.0,-5000.0,-5000.0,-4154.528393163538,-5000.0,-5000.0,-3958.811881520237,-3164.4233308904295,-2372.6538967146444,-1614.1483499601627,-1185.7150968915357,-518.0253597963583,1500.0,1500.0,1500.0,1500.0,1500.0
-2233.4720320951305,-4635.674231285977,-5000.0,-5000.0,-527.247206398888,1501.7031869595885,5000.0,2473.460768757345,5000.0,4328.517065197923,5000.0,2952.189376274873,5000.0,-1250.3710189569629,-2446.0700499693485,-1679.1879986166286,-1221.3043910604947,-500.3714918897922,1500.0,1500.0,1500.0,1500.0,1500.0
-2190.0884253584786,-4538.926919194624,-5000.0,-3244.014347309626,-4503.658945380692,-2479.5825514907438,965.3886202319654,-994.4411879888748,1358.6229794323654,2123.6105743885646,2646.067796952423,3067.2692857725833,5000.0,-802.2873684804417,-2203.717270734278,-1443.5943334400754,-1045.0794913143882,-409.8468357664133,1500.0,1500.0,1500.0,1500.0,1500.0
-2250.79572995047,-4674.306823849352,-5000.0,-5000.0,-5000.0,-5000.0,-1518.0885363310717,-1268.8105222414424,1141.1543190375005,1852.2767036858286,2470.633857023082,3001.030095826096,5000.0,-1404.5474841971945,-2440.3129537693285,-1712.0410763578047,-1239.8998791613485,-515.9602124072962,1500.0,1500.0,1500.0,1500.0,1500.0
-2366.532584035475,-4932.404994676941,-5000.0,-4550.266289240239,2354.221875224279,-2397.2659871912365,1121.3294462549238,-5000.0,-2519.7348067329185,-1766.3443727630947,-5000.0,-5000.0,-4179.620744706703,-3347.0093495844994,-2518.654891346352,-1765.124710003518,-1212.3629378160322,-500.57617776426196,1500.0,1500.0,1500.0,1500.0,1500.0
-2445.581612976235,-5000.0,-5000.0,-4115.853114362885,-5000.0,-5000.0,-1498.1756212356795,-5000.0,-5000.0,-5000.0,-5000.0,-5000.0,-3964.3617328279524,-3074.3940731643415,-2233.546031182894,-1522.910857839921,-1032.4935709166339,-444.14826662673477,1500.0,1500.0,1500.0,1500.0,1500.0
-2423.4272840398307,-5000.0,-5000.0,-3012.2381106097932,2268.181415409301,-3607.4202445433175,-5000.0,-5000.0,-5000.0,-5000.0,-5000.0,-5000.0,-3990.6545207363606,-3155.3697821153064,-2345.834241106938,-1609.482420820208,-1053.5115966287558,-438.37429371333747,1500.0,1500.0,1500.0,1500.0,1500.0
-2311.905267568781,-4810.583725481926,-5000.0,-4565.070456804383,2313.281182020166,4283.937001767719,517.3581483252146,2620.302828630739,5000.0,4455.063323510775,5000.0,-3325.8429072871413,-3885.10870786128,-3101.070784852868,-2382.4490886359226,-1633.9778412454934,-1110.186105174942,-460.7207084230595,1500.0,1500.0,1500.0,1500.0,1500.0
-2190.2187388041957,-4539.217523792785,-5000.0,-3254.858562735879,2369.3379800278226,4339.570861004505,5000.0,5000.0,1818.5225100497164,2617.357153199453,2129.567541926086,-5000.0,-3034.8537252547503,-3202.205788724359,-2339.6507027346033,-1586.290708766438,-1028.4474517257086,-390.2496652835516,1500.0,1500.0,1500.0,1500.0,1500.0
-2144.6620314484667,-4437.624103698565,-5000.0,-3800.001338016463,-4066.309326352573,-5000.0,-1533.3240058430938,-3637.4234623732827,-1172.0572340590634,-342.1518816315329,305.53596471419314,811.8454338336751,-4082.982314834073,-3139.3205221836506,-2269.1455157661503,-1510.0270825998896,-1018.682437635156,-436.8398052093062,1500.0,1500.0,1500.0,1500.0,1500.0
-2202.9484500799554,-4567.605328363867,-5000.0,-5000.0,-3627.6562020881765,-1628.4846349551135,1914.5254321798448,-2659.406174453119,-303.33703582304224,511.5947427307783,1189.769329852641,1558.841371544474,-4007.392289303668,-3194.6689394972127,-2366.7496229358276,-1592.1634199738146,-1033.4798804403636,-382.93452976256503,1500.0,1500.0,1500.0,1500.0,1500.0
-2313.1476521642653,-4813.35429665473,-5000.0,-2907.319879430611,-13.08224018404053,-5000.0,-1485.3572321698666,580.1428056878658,2921.540553154743,-5000.0,-5000.0,-5000.0,-3979.5935760909806,-3066.6950777776146,-2338.8910392064718,-1529.4531722220781,-1120.4167235315135,-488.00882158204604,1500.0,1500.0,1500.0,1500.0,1500.0
-2383.270355099792,-4969.730945253223,-5000.0,-3797.719103930638,-5000.0,-3003.6564216272873,530.4744406446407,1844.588510303187,4196.202211416137,5000.0,-3433.6378538761182,-5000.0,-3989.2021465120424,-3136.556264186019,-2371.923404902188,-1533.8062445557498,-982.0055692465321,-382.93452976256503,1500.0,1500.0,1500.0,1500.0,1500.0
-2351.358636248282,-4898.566437381861,-4275.478466281046,-1687.268161152267,2143.3954239102986,-3241.2243267571657,402.1090983012009,2519.4198834438366,4843.428129695448,5000.0,-3146.3303553012,-5000.0,-4000.572982777582,-3111.9036174169505,-2346.6034949391233,-1574.8425683428204,-1094.3441518045456,-533.9366969225757,1500.0,1500.0,1500.0,1500.0,1500.0
-2232.711812703218,-4633.978909289958,-5000.0,-2184.413263598803,-4951.529403265209,-2900.924385177199,-3345.8867017032107,-1293.3813137997586,1081.9730953974577,1902.0656117715816,-5000.0,-5000.0,-2908.810418566195,-3255.802103312156,-2468.2125127642075,-1713.5559694679541,-1092.053026349301,-451.306505075986,1500.0,1500.0,1500.0,1500.0,1500.0
-2108.287820266473,-4356.508045675475,-5000.0,-3825.10991557984,2206.683687164973,-685.734207113238,2945.205985076196,5000.0,2533.5666156052075,3335.3338231877824,3916.1917977133626,4288.668062469883,4145.623234398545,5000.0,-790.0950052578028,-16.34261321617305,581.2351646595243,1243.355903098527,1500.0,1500.0,1500.0,1500.0,1500.0
-2063.1114898665,-4255.762882580132,-5000.0,-1182.7894553828025,2169.4716109377423,4177.488654003921,5000.0,1767.4647332009872,4152.983227514215,5000.0,2625.783418557069,3006.18785656419,5000.0,408.65621918468423,-2395.0328203892313,-1582.279226218644,-1004.354598926725,-457.0154207945552,1500.0,1500.0,1500.0,1500.0,1500.0
-2121.5879954257907,-4386.168009283829,-5000.0,-3278.3651820120267,2244.7163468448816,4150.886122915234,1955.708866781882,4010.7722302585585,4115.34748699724,5000.0,-820.3914192541688,-492.6303606923675,1564.073709234356,1827.886451095852,2573.9911798338253,3404.7345570198786,-1019.4580271444775,-485.0775223745486,1500.0,1500.0,1500.0,1500.0,1500.0
-2228.976271472997,-4625.648491410593,-5000.0,-1796.2369480807733,2210.5262262501474,-1180.9338122211293,2499.883531945632,4494.060000028406,964.1358029201228,1836.9352271855641,2424.031337606755,2839.975053128257,5000.0,-1209.2565109885418,-2481.3835720624347,-1660.6054242923374,-1166.1476629857298,-581.674519881898,1500.0,1500.0,1500.0,1500.0,1500.0
-2293.1290131986066,-4768.7118693108905,-3901.8153333230903,-220.81043765154323,2159.6901348539304,4080.366198872217,317.7831774370711,2226.8512914469607,-1864.6828390584005,-5000.0,-5000.0,-5000.0,-3964.4467899775764,-3174.289059553278,-2361.928224821694,-1557.0520715334314,-936.0646675546077,-397.5624056444749,1500.0,1500.0,1500.0,1500.0,1500.0
-2254.716309162528,-4683.049884400089,-3752.3277457986596,-1252.3596038271319,2114.1929884369465,-2388.047584293814,1353.6461089014629,21.72993668041454,2454.9075459169017,-5000.0,-4397.824038698586,-4023.166625990437,-4165.43356232852,-3347.7758802959097,-2571.6617367945028,-1715.151424191361,-1144.2603228758398,-596.689093394386,1500.0,1500.0,1500.0,1500.0,1500.0
-2132.4612945808535,-4410.41593484712,-5000.0,-1555.3956044268887,2213.120443038887,4301.586927607979,3079.936341935044,5000.0,2282.003225650693,3186.9569499741838,3719.067638112426,-2815.6340863128407,-4108.148540598258,-3334.0497833807303,-2550.724886886488,-1653.690298492822,-1151.4165483674924,-560.0669479144308,1500.0,1500.0,1500.0,1500.0,1500.0
-2008.9431268645824,-4134.965099384372,-2286.794025760701,-1208.0499019547183,2194.4691440479464,-163.57818045581143,-149.99971678895872,1766.6194407035418,4164.364032629979,5000.0,210.6860336519676,-4995.470976781586,-2828.5093878990365,-3234.4884624893575,-2481.845115371395,-1556.666418688213,-996.5760621196673,-492.343197847531,1500.0,1500.0,1500.0,1500.0,1500.0
-1967.7771683506476,-3067.8791393089195,648.3946694825898,1027.790005805519,2150.804357154272,4176.349347766303,3421.843087849671,5000.0,5000.0,810.5836833026933,-311.8957904466897,-5000.0,-4129.7791569694655,-3267.9728465304065,-2442.924747167906,-1569.2563794982589,-1132.4220583562314,-507.44532057396646,1500.0,1500.0,1500.0,1500.0,1500.0
-2030.0057372586734,-3027.173059533873,817.8630838686593,296.5286095331247,-2976.5399730774297,-907.0867519104768,2716.419590322048,-287.456184170941,2155.2940877070405,-233.72272856628933,225.05169065689734,-5000.0,-4075.038405930557,-3327.402634820288,-2544.9603438636423,-1659.4482623872154,-1219.8012205262949,-652.3428761397809,1500.0,1500.0,1500.0,1500.0,1500.0
-2138.1338974320483,-4423.066083594464,-2406.7725748485614,-66.58737792880345,2096.3480415791237,1396.9521539669968,5000.0,5000.0,5000.0,-1176.495631622246,-713.5730538058742,-246.77989662070195,1956.7884890404548,2382.557238059014,3110.0739440213556,3972.9291128182067,4412.235148108783,4961.72614219876,1500.0,1500.0,1500.0,1500.0,1500.0
-2199.965789844143,-2069.488655769713,-1399.7817961655478,-218.44506669040618,-1726.7657976580367,328.63367477551037,-2557.775074630198,-625.8105291333732,1803.133682088468,-5000.0,-4541.407297032441,-4103.931594260325,-4068.3520542335255,-3286.293049034399,-2435.943353706717,-1526.959910931375,-1094.419714978947,-521.2368943258343,1500.0,1500.0,1500.0,1500.0,1500.0
-2158.862322886257,-3776.0701865028004,-1387.4914911074889,-1047.9762691211122,-4376.910168362034,-2300.627109884116,1341.6929361940838,-1138.7059419689313,1380.0993958678973,-5000.0,-5000.0,-4563.5062675951485,-2387.3949476364232,-3312.4319303642224,-2486.9695769479513,-1619.1639494946767,-1223.1154661664968,-638.6043784674421,1500.0,1500.0,1500.0,1500.0,1500.0
-2036.9226929552497,-2557.0871416933496,-1569.1223738945414,-869.0905053250088,2146.326911102845,-257.4581464171588,3288.064774957679,2945.6162290231473,1084.0306757590206,1987.2106004062307,2411.5684411733173,2873.600155978026,5000.0,585.7778900457124,-2547.0242742022283,-1610.155403137689,-1109.375266254263,-599.8320983578305,1500.0,1500.0,1500.0,1500.0,1500.0
-1918.2091711567539,-1789.003323223364,989.3007182998764,344.339770848738,-1135.1510883283163,937.5574071503547,546.9072496023277,2589.7477940370563,5000.0,1351.557608896709,-2309.1829868742398,-1809.8326452696729,-4012.429920930376,-3239.3009391472415,-2450.5601013322166,-1635.2962190119229,-1216.7918878083165,-535.4791962700779,1500.0,1500.0,1500.0,1500.0,1500.0
-1884.7882269071783,-3858.0943235919617,-4516.466188822744,-1613.4991496046098,2145.2297443532766,4237.875239508754,4122.570111809723,2462.6801823914907,5000.0,1548.1290299836573,-1874.6836499015708,-2074.834621717262,-4128.867595395816,-3372.919921605454,-2534.1140428231574,-1652.7516560164927,-1210.6019447423882,-590.9949199772464,1500.0,1500.0,1500.0,1500.0,1500.0
-1954.288733040162,-3042.3822767377883,-2459.901381071809,-2005.092164084951,-2292.732848539912,-1913.6148514852753,1663.999867685357,-753.3099449173956,-1958.7590528384926,-1094.8593386469765,-608.6956702019588,-5000.0,-4010.8168391901963,-3332.3881672663874,-2474.204370556444,-1566.4586791021475,-1175.9615358028855,-525.03140910002,1500.0,1500.0,1500.0,1500.0,1500.0
-2066.522840987205,-3038.1758171854035,-2379.4090728732563,-2094.3244053637445,-2303.1162969945663,-5000.0,-1514.2091533416447,447.3814658286078,3047.3564251231523,3886.5004784718217,-1454.4893762595498,-917.0246351728279,1192.9434117354663,-3425.0103534265118,-2569.5376283184314,-1675.598922218379,-1313.576596351334,-625.96957354408,1500.0,1500.0,1500.0,1500.0,1500.0
-2129.3567138736307,-3537.5274716806302,-3697.908663761991,-2828.14902265614,2252.9183806757064,4406.96538466384,1966.290720837383,-2012.789931855004,-4533.444708978038,-3663.9740369190567,-3168.4444912912177,-2622.871238062785,-474.31452593228096,299.30895812277504,1170.36290435078,2180.7079939126606,2606.9080452661256,3206.8848994393074,1500.0,1500.0,1500.0,1500.0,1500.0
-2088.9029452015616,-4313.278939134354,-3709.1661911856922,-2919.010289976075,-3613.454089106497,-1486.0575152989286,2052.7555461037264,3279.865834221417,1013.662973833304,1848.984392930838,2361.7713664934654,2900.041055354657,5000.0,5000.0,5000.0,2825.4116625254414,3187.4339883924863,-582.6296291669905,1500.0,1500.0,1500.0,1500.0,1500.0
-1970.5869373598434,-4049.429144313237,-3827.5554843105656,-2972.661774860868,-2377.604707535061,-4364.277738294824,-737.0825132784198,-3188.75787451889,-606.8515391648689,-5000.0,-4474.113602135444,-3951.542341941188,-4101.04500981984,-3363.255408920547,-2437.410886814324,-1632.5189095390597,-1222.8881132920633,-564.9405410011927,1500.0,1500.0,1500.0,1500.0,1500.0
-1859.8173480634844,-2796.6124523012145,-3051.9315401118956,-2862.990268437028,2229.444879826163,1326.194067647817,1472.3853727312767,1412.9077893222634,1026.71773815594,1813.9680054663418,2343.5285056803286,2902.4505519713844,5000.0,2317.954041328072,3206.2723310657752,1265.7679228381226,-1295.023947561162,-624.8651640017702,1500.0,1500.0,1500.0,1500.0,1500.0
-1836.9787819003236,-3751.4772014824525,-3291.492721888122,-1589.2167820264012,2246.411076585609,4276.797116757976,4670.362403810433,3403.135063459007,5000.0,2052.079267409023,2567.568783087164,2277.7535205405375,4261.866811394409,5000.0,2288.7981006067776,3032.7321144994416,3552.1737246250214,1584.2731801683735,1500.0,1500.0,1500.0,1500.0,1500.0
-1916.2459241363053,-3928.246343685082,-5000.0,-3872.1886470223417,-1836.247490170479,-3298.527882503608,192.03578160428788,-1760.0588000122102,-2585.385186606213,-1746.8805845983825,-1235.6399324911035,-725.6502508822377,1278.7678543233314,-1910.7162004317738,-2434.1164831541296,-1616.6037432531402,-1145.1313516433975,-455.8925731287941,1500.0,1500.0,1500.0,1500.0,1500.0
-2034.8085273577708,-4192.646056826949,-5000.0,-3779.834855540725,-2999.13937945817,-962.0216729160129,2514.530496371606,4462.839578706173,4221.83507864122,5000.0,34.28069012006199,-495.76537174941404,-4196.055783734155,-3311.6271633387128,-2402.5286543590205,-1633.523756855931,-1195.1237211478378,-526.1854816353543,1500.0,1500.0,1500.0,1500.0,1500.0
-2100.711704321219,-4339.612980720525,-5000.0,-4004.3582501999567,-3628.0958229453076,-5000.0,-1475.9516373524348,-2241.8226796641165,230.16969033940404,1096.0579422290793,1629.2874816351596,2157.7474587583256,4262.879421345177,5000.0,-512.7566964605212,333.3501355840226,838.0746042603614,1562.0738433032047,1500.0,1500.0,1500.0,1500.0,1500.0
-2062.8838017893822,-3843.9739578379817,-4180.436941743737,-2697.849010236828,-3211.6392826907077,-1138.1300227799138,409.30361580036333,2451.617548562832,5000.0,-420.07541602711444,190.86399338241063,787.0918423039057,-3086.940854684345,-3207.4546557801323,-2330.521522626991,-1567.1836509695686,-1158.5053257862219,-430.9639197701317,1500.0,1500.0,1500.0,1500.0,1500.0
-1950.0295811629003,-4003.5853543344174,-4653.401948418141,-3180.881157478447,2284.0347444580793,4346.945928595091,3641.4851701974767,4392.198770375341,3226.76347650138,3954.1671188555893,4549.261197260787,5000.0,2203.160197035825,-1307.9483181551677,-2386.9157532547824,-1610.4483816213346,-1122.0108398206653,-453.39091722126886,1500.0,1500.0,1500.0,1500.0,1500.0
-1848.773744941182,-3777.780477218535,-5000.0,-5000.0,2317.0382773656484,4374.153444351547,4616.929869336896,3383.704790474692,5000.0,4138.920519836947,4568.119649212967,5000.0,3306.9976869748807,4152.729277294037,5000.0,4006.950504746062,4489.056354782199,2517.10871445909,1500.0,1500.0,1500.0,1500.0,1500.0
-1837.6972603028844,-3753.0794392739163,-5000.0,-4552.617658613819,2283.1189117008857,4388.647725817797,5000.0,5000.0,4691.583879775961,5000.0,2327.0886729028175,2831.9590632963923,1226.7459777342465,2035.99156890238,2855.134302993689,1102.2868568663248,-1144.3396894826342,-450.9793087208209,1500.0,1500.0,1500.0,1500.0,1500.0
-1927.4940686218774,-3953.3301904846358,-5000.0,-5000.0,-1846.1731831974298,-3465.48724324533,70.17358491042432,2140.705018478392,2767.6166396078033,-1217.129867249515,-5000.0,-4510.439294022214,-4084.284547670075,-3180.0896082844038,-2353.290593632427,-1604.7118205647175,-1046.5172706670987,-397.4098591481388,1500.0,1500.0,1500.0,1500.0,1500.0
-2052.8154711487873,-4232.80231726274,-5000.0,-4419.589553519198,-2263.0421975036397,-5000.0,-5000.0,-2886.0202697002433,-336.40318133207984,443.66639155146913,1046.8102120590702,1532.1032085344686,-2420.3924069038767,-3460.9869354277325,-2622.227481695605,-1768.781964636204,-1226.4784630185159,-496.85665119795704,1500.0,1500.0,1500.0,1500.0,1500.0
-2122.0122970635816,-4387.114220216023,-5000.0,-4294.597683554689,2386.34602000818,-892.6228054837252,-3228.664667807496,-1200.670539702769,-3845.8580530802296,-3048.663929499177,-2456.9394497998187,-1979.045777166732,95.88726274725241,981.4166774849868,1758.7038131511467,2560.0745505794207,3090.8698982345463,3752.1975613105783,1500.0,1500.0,1500.0,1500.0,1500.0
-2086.8991349981034,-4308.810356051748,-5000.0,-5000.0,-38.04715278011554,-3015.551974404176,520.1440334345325,2574.6518269305816,5000.0,5000.0,-351.6971869735862,91.61640277864171,2091.958419622055,-2719.2404775722225,-1881.3608491784162,-1096.0540489556388,-652.4221816922482,-126.86103187354911,1500.0,1500.0,1500.0,1500.0,1500.0
-1979.4192770151453,-4069.12564226269,-5000.0,-3671.245264794201,1801.4100558696323,-387.0596910402469,3086.6576056674353,633.3295890462759,3117.430374995629,3948.247599474914,-304.8110082133453,-5000.0,-4122.6208658091045,-3170.683743889739,-2299.448737662892,-1517.5856862512223,-1030.0843285142669,-387.7345058425135,1500.0,1500.0,1500.0,1500.0,1500.0
-1887.2922616166873,-3863.6784288739177,-5000.0,-4207.786527841339,2296.377287626165,4290.63525731273,5000.0,3373.925567053644,5000.0,1516.5851518612744,1925.673761875917,-1933.3692530847434,-4046.5166624322214,-3075.422820777713,-2305.92967498757,-1518.9581221161816,-981.5584402882055,-382.93452976256503,1500.0,1500.0,1500.0,1500.0,1500.0
-1887.1871856492558,-3863.4441049396237,-5000.0,-3439.362829387535,2250.6068122604975,4243.219833014804,4173.605230615107,5000.0,4287.8679015332455,846.9688601080384,1491.6793036995055,1871.8423212918137,3901.597626164646,1017.9182670981704,-2272.555306718844,-1561.920133375871,-1006.9624680026241,-448.9969047756849,1500.0,1500.0,1500.0,1500.0,1500.0
-1986.3066740962636,-4084.4848344789757,-5000.0,-3119.6515388235784,1155.17447510068,3092.439203641242,2164.845492621618,4214.147762966937,2617.244817881937,-1828.5995456835453,-1253.6660487147446,-847.1158444063467,-3994.8579484410843,-3144.5719264225586,-2326.403054873674,-1560.8414025709299,-1061.7388420505076,-495.3353316959947,1500.0,1500.0,1500.0,1500.0,1500.0
-2116.8621823310677,-4375.6292424833655,-5000.0,-2838.9516706374916,2237.261625280599,-1020.548415280914,-3184.4805546020757,-1113.6431804353347,1287.5908059888975,2158.924275366369,-3621.36700293305,-3293.605944371249,-1296.7678403453424,-375.3709337668756,458.27889306989937,1288.1351129583377,1968.1048270756369,2590.6172384040688,1500.0,1500.0,1500.0,1500.0,1500.0
-2187.6476003065186,-4533.483774172224,-5000.0,-3010.5734583683247,-2509.4832301827655,-570.9453403000289,3001.417599409514,5000.0,3590.1495799328386,4414.474915588358,5000.0,5000.0,5000.0,-750.1097319900173,-2556.771072723239,-1762.4391821491145,-1125.0963280622318,-452.5795644508353,1500.0,1500.0,1500.0,1500.0,1500.0
-2153.4410551403757,-4457.201704752673,-4586.137132584077,-2051.7770010222407,-4279.327310254942,-2327.5606247592887,-3357.778125508321,-1344.8565230653785,1075.3362996986098,1879.7520845713225,2534.0692641301903,3005.5820574137842,5000.0,-407.02027556118355,-2371.433469399475,-1634.8593435593475,-1042.777183332998,-431.4672122126876,1500.0,1500.0,1500.0,1500.0,1500.0
-2049.3896718368724,-4225.162637205614,-5000.0,-3598.6965314342524,-2240.071590249614,-5000.0,-5000.0,-2938.3231335437313,-510.0855528832526,242.2320439618743,894.0244046697344,-4695.255413935668,-3923.387136674636,-3051.7785905030905,-2350.5251081482847,-1535.6037512979747,-971.266991941221,-415.6162257546348,1500.0,1500.0,1500.0,1500.0,1500.0
-1964.1955415150228,-4035.1760562228033,-5000.0,-1241.687924167419,2107.7913777296317,88.61308071983217,3719.075145494714,4797.744164997754,3544.163382894889,4378.509344724732,5000.0,344.06926727888185,2454.913375656217,-1237.3755558639473,-2583.262898451121,-1669.399055253174,-1122.1822745003528,-522.1080676198003,1500.0,1500.0,1500.0,1500.0,1500.0
-1972.5205401425949,-4053.7411618229644,-4927.412010465072,-1649.5221146733509,2138.5177296037928,4037.5616985367124,5000.0,2639.728471100192,1219.7111178044738,-3101.387730916152,-2478.646983189215,-5000.0,-4101.44711110231,-3244.8528452009905,-2491.6311614685883,-1589.3533059811875,-1083.6303142506658,-536.8282933169007,1500.0,1500.0,1500.0,1500.0,1500.0
-2078.0801654497054,-4289.143674016707,-2634.242075385768,-1006.0517827047802,2244.543307580562,-803.2355934790621,2747.6018544327308,4721.203050465471,3558.695354115215,4397.894877573526,5000.0,-938.5832265556855,1238.236539649326,-3122.043521041508,-2353.047211880914,-1505.0366037974072,-953.8506894167094,-425.0021003069387,1500.0,1500.0,1500.0,1500.0,1500.0
-2210.757493940302,-4585.019832604561,-4910.493553677949,-2493.7110533171344,2234.957433679897,-1796.0258021581021,1771.9320825502173,3018.19572314956,-338.8819638980276,550.560626020886,1083.9840307861805,1444.6692933196773,-4063.868555558951,-3249.134037017636,-2559.630452997142,-1650.1194865455354,-1097.2899132818538,-593.057049009718,1500.0,1500.0,1500.0,1500.0,1500.0
-2279.935136713452,-4739.28895632552,-2938.902448178697,-939.8249805426633,-5000.0,-5000.0,-1390.8483921750048,-734.0164860106388,1631.880974340842,2537.822218908137,3113.7522516415493,-5000.0,-3977.0704766436647,-3075.7723480106097,-2380.7846439433188,-1526.9384157704235,-1057.650750263254,-553.417885991118,1500.0,1500.0,1500.0,1500.0,1500.0
-2243.436288851648,-4657.894953136812,-949.5662745237578,-1618.1353547588433,2127.582210931927,-2294.1199188565797,1301.3592327576089,3190.785093213237,4104.542407008499,5000.0,-2048.558486751861,-1597.049792366709,-4001.9853221125877,-3246.548973543824,-2475.206948352844,-1678.8218200031506,-1140.3062164891553,-605.4639551969804,1500.0,1500.0,1500.0,1500.0,1500.0
-2139.5805399289648,-4426.2921586873745,-880.7194267815848,946.8720347859457,-4133.991860842671,-2238.5297483552895,1377.9261535246023,-2784.9080461538733,-400.0447009228592,477.16180555654137,388.5371625966436,810.1084431440804,-3933.6138596958444,-3085.8820600108347,-2388.428658396364,-1544.704728822975,-1041.0161534816853,-478.52494054343424,1500.0,1500.0,1500.0,1500.0,1500.0
-2057.9461157091882,-4244.243875672763,-2249.3188822785423,-774.0049654255433,-3335.002828773774,-1360.6629405396143,-782.3108940550428,1082.2091172305272,3499.887531587022,4419.3696862794495,5000.0,2836.4738359439875,5000.0,420.12203128014335,-2418.715959662991,-1443.483558369725,-1038.3299139689225,-486.63504510862913,1500.0,1500.0,1500.0,1500.0,1500.0
-2071.1017688619845,-4273.581548980223,-3401.2833969707904,-1304.7526133138858,2096.5228358327977,-835.7093103228108,-2512.4745667928382,-5000.0,-5000.0,-5000.0,-4453.502816269701,-4031.1357804201825,-1857.1191400816288,-3119.9742589785346,-2430.470674958041,-1541.3308443174155,-1095.0192517773903,-555.7104095614795,1500.0,1500.0,1500.0,1500.0,1500.0
-2179.290915401184,-4514.848006807532,-3166.146064476377,-346.9632644831828,-3111.71378619797,-1000.853515059006,2611.0457730248363,-1890.3045699266577,-5000.0,-4145.858465544414,-3626.441447329418,-3181.763441866974,-1063.7570276861243,-3271.946684437573,-2465.533772398421,-1570.6311966584753,-1113.2459961918876,-595.2823077919929,1500.0,1500.0,1500.0,1500.0,1500.0
-2310.1882164119907,-4806.75462742765,-2856.3189640856895,-1200.2789924733065,2191.2701797433165,1366.7596277058701,5000.0,-584.617871432366,1914.1823366498993,2889.713707632007,3436.9025359326024,3924.1478980572792,-2622.8636237765286,-3435.1392428402805,-2723.8767519240673,-1829.1795047942178,-1267.7925307125324,-665.5390419685746,1500.0,1500.0,1500.0,1500.0,1500.0
-2373.914282814055,-1295.8792989554413,446.3719997983112,394.6246073544894,-5000.0,-2983.922516018849,-5000.0,-3112.5753351291196,-593.6528753440589,301.16901952606077,-5000.0,-5000.0,-4212.751145143525,-3429.330731213083,-2619.00186842715,-1613.1625764916744,-1128.9426455080875,-615.0704686016043,1500.0,1500.0,1500.0,1500.0,1500.0
-2331.418274243407,-1485.3110098701854,-668.3030836198918,-1678.6775844745453,1809.3369315657055,3982.408720094454,-274.5736338195711,1647.771911867474,4105.978073800088,5000.0,-3097.6100521854332,-5000.0,-4188.284391868166,-3393.008881120807,-2568.4696156119726,-1577.2913031174567,-1197.5909952221455,-570.0541351244829,1500.0,1500.0,1500.0,1500.0,1500.0
-2224.1592679493806,-4614.9063660249985,-5000.0,-2826.4675638302856,2159.7638855098467,4278.363182317928,1063.1661157599024,3052.5469428823003,4079.4692710365525,5000.0,-1964.5690923055117,-1541.4048845802936,623.7569125322352,-3329.7667174750086,-2560.323449068348,-1541.9345656418918,-1080.1596197343251,-531.6128237882949,1500.0,1500.0,1500.0,1500.0,1500.0
-2142.486036416813,-1360.033667789845,-617.6391247931801,-433.36910121866197,2096.3480415791237,1435.5049201509973,5000.0,960.9523018611526,3415.1159331941026,4302.829661853355,4740.59717431169,10.138493823686986,2152.7087227729844,-3317.232654102,-2472.5942519024047,-1577.150590707387,-1215.1282648403421,-643.4790088580339,1500.0,1500.0,1500.0,1500.0,1500.0
-2156.792515956402,-3821.620811019308,-605.1429881933595,-549.3430591569837,-459.32637224420796,1499.8302201810093,5000.0,831.4789593950491,1041.3948030705324,1955.1347947590466,2395.746221392291,2869.2571337859126,5000.0,-633.1904747717017,-2467.849007910775,-1555.2576225924295,-1078.1139338821304,-531.1175437711427,1500.0,1500.0,1500.0,1500.0,1500.0
-2263.870417123771,-4464.900354736212,-2417.0882973898756,-2575.5053087567176,2131.6177324862865,4335.51616232284,794.2155182854199,20.890019873671008,2521.0500270460843,-5000.0,-4531.802717512499,-4013.5021347813636,-3970.800838377424,-3283.1521740285452,-2472.3707627949834,-1657.384028371721,-1263.0668899575512,-656.5355839483163,1500.0,1500.0,1500.0,1500.0,1500.0
-2389.308658423457,-3541.139307674627,-2738.350992637199,-2832.787785592068,2123.8062618215317,-324.7007164973056,-5000.0,-3023.318480778852,-565.4795682562626,-5000.0,-5000.0,-5000.0,-4286.41626784048,-3410.484109696895,-2612.7586743234833,-1656.331881790048,-1246.712892410058,-555.1336362370221,1500.0,1500.0,1500.0,1500.0,1500.0
-2444.1128379373263,-2542.6878464928895,-510.1040792023373,-955.7285398765534,2169.0754714049235,1411.820965468929,5000.0,1661.2311663943165,4148.842112845559,5000.0,-4224.56920620527,-5000.0,-4166.442457309494,-3374.478435226495,-2614.7875728500776,-1799.896514054978,-1321.2345000626965,-641.7342516274757,1500.0,1500.0,1500.0,1500.0,1500.0
5000.0,3759.309774097935,1415.1014646774333,-1410.4873777188395,-5000.0,-5000.0,-5000.0,-5000.0,-2441.6426464834713,-5000.0,-5000.0,-5000.0,-4099.181898796235,-3420.753226872427,-2536.7588668333874,-1662.791093216505,-1300.7687673494602,-587.777141118785,1500.0,1500.0,1500.0,1500.0,1500.0
-1633.9614045949565,-1185.9916596411688,-1641.5612449835332,-1972.680760666603,-5000.0,-2783.979151495153,797.7906068510401,2720.4441214983,5000.0,2488.7056105537904,-5000.0,-4469.749786060519,-3871.038493799929,-3192.60982187612,-2396.824099776717,-1599.332801593402,-1237.3104757263573,-537.5686970622801,1500.0,1500.0,1500.0,1500.0,1500.0
-2194.301914667237,-3719.911959814077,-1801.2625538475024,-1300.0347634666641,2186.5566188739313,3540.294830160882,574.1536273377442,2493.651089316755,5000.0,1623.2000082184122,-5000.0,-4515.809716138972,-3986.739882037582,-3219.4625455641963,-2334.5010424583807,-1522.7385334920355,-1135.223322244463,-508.2117857804906,1500.0,1500.0,1500.0,1500.0,1500.0
-2206.9967206556657,-3074.5935883283346,-2198.28304131735,-2001.456864628085,751.3866029966321,2865.9881827186637,-250.21826824228538,1720.8224013132567,4219.224684898186,5000.0,-1784.964054834435,-5000.0,-4090.3380596433826,-3312.4122590791867,-2440.7069594250843,-1652.6407365897376,-1179.324669270325,-506.3059975895221,1500.0,1500.0,1500.0,1500.0,1500.0
-2310.270336856861,-1405.7473618601553,-2204.3297367751857,-2077.852943341235,-564.4582898159988,1545.5837677632026,5000.0,630.3222708402636,3124.268823244204,-5000.0,-5000.0,-5000.0,-4049.05420079586,-3262.4738208868057,-2340.546443588253,-1552.1583812273211,-1190.1360553602763,-533.5884970102543,1500.0,1500.0,1500.0,1500.0,1500.0
-2427.7456434069836,-3465.5840418580615,-3484.334022678374,-2438.967270311502,2294.581327584825,-3523.1755452383422,-144.73193024199009,1826.2571977016023,4288.877615351671,5000.0,-3942.160281599504,-5000.0,-4044.68673405981,-3288.723424860408,-2414.423732701888,-1633.3645718591833,-1271.3422459921385,-504.75595020298897,1500.0,1500.0,1500.0,1500.0,1500.0
-2471.452353160799,-3600.7884815450966,-4258.010673684617,-3349.4235524360047,2261.5165438660515,597.6488704841177,-5000.0,-2960.398253622656,-5000.0,-5000.0,-5000.0,-5000.0,-3940.3916717186694,-3167.593543853056,-2294.9254027890875,-1524.4656963695143,-1103.2091634809967,-460.09208412168664,1500.0,1500.0,1500.0,1500.0,1500.0
-2408.8029750429137,-4025.119922863245,-5000.0,-3878.493556667483,2235.5329132491297,-3467.120601794074,-5000.0,-2936.716289317649,-457.9650946875545,311.7567450065553,-5000.0,-5000.0,-4261.1625856345745,-3454.7873893750693,-2531.002015806209,-1700.7506691923672,-1219.669705622554,-470.795957465577,1500.0,1500.0,1500.0,1500.0,1500.0
-2287.4024043838617,-4755.941284938126,-4385.010727400879,-5000.0,2311.0837409589794,-2372.7059363105864,1111.853295937969,-786.6829952761982,1760.2756044304888,2530.5467507561834,3060.2502108732606,-5000.0,-4176.232186027837,-3370.7419411328538,-2470.3890961688376,-1745.2724479723047,-1221.3280404837014,-472.95359912567073,1500.0,1500.0,1500.0,1500.0,1500.0
-2198.8000784356864,-4558.354280875463,-5000.0,-3144.0739498164703,2302.9002951277635,-1642.514185411444,-3730.6895277749018,-1621.966095802557,930.4695201246968,1641.591904773025,-5000.0,-4514.667657315987,-2547.9971279924494,-3306.394201454942,-2412.1403587736177,-1627.7287981519567,-1175.9961506919526,-382.93452976256503,1500.0,1500.0,1500.0,1500.0,1500.0
-2208.7853541803856,-4580.621875975491,-5000.0,-5000.0,2333.640313389089,-508.1699615409925,2995.943007710397,-1695.1861565074014,820.6240029417713,1645.6187679609966,-5000.0,-5000.0,-4153.597015359428,-3341.5658645048825,-2446.255832828356,-1617.5414351596519,-1151.9884051798563,-474.6737662191663,1500.0,1500.0,1500.0,1500.0,1500.0
-2307.3021627807834,-4800.318603492026,-4690.804403202803,-3910.3842332661657,2324.7672155236905,-2581.851560372009,965.1903137084901,1257.7603739067627,3691.091239661586,4411.737046251741,5000.0,5000.0,-1631.0973726596458,-3204.4136605419017,-2417.241314128548,-1679.1196199066035,-1124.046278528118,-395.96286101443184,1500.0,1500.0,1500.0,1500.0,1500.0
-2416.1200128568084,-5000.0,-5000.0,-3939.2164394823167,2347.994263130053,-3570.7952060836515,-29.12693742037027,-5000.0,-5000.0,-4183.69597680188,-5000.0,-5000.0,-4068.6868414029777,-3215.886186312475,-2323.109314823949,-1597.634338660433,-1182.723283635767,-382.9345297625641,1500.0,1500.0,1500.0,1500.0,1500.0
-2448.420233789206,-5000.0,-5000.0,-4565.968832821178,1696.7084096500266,3680.943121994358,-1732.1813354285023,233.8104069138135,-5000.0,-5000.0,-5000.0,-5000.0,-4156.273211727659,-3153.9757624960293,-2278.3424548354196,-1529.2295270415207,-1029.7208156721545,-382.93452976256503,1500.0,1500.0,1500.0,1500.0,1500.0
-2374.925839968614,-4951.1223170092035,-4724.4459235754,-2742.216794066783,2361.353538895186,4291.211729129216,-438.62315928258977,1486.7246745474586,3862.9643912043375,-5000.0,-5000.0,-5000.0,-3996.418432693681,-3117.1368329763936,-2333.578321124389,-1512.9892908766606,-974.7181537256329,-382.93452976256503,1500.0,1500.0,1500.0,1500.0,1500.0
-2246.2207799899497,-4664.1044883377035,-5000.0,-4240.004030747352,2302.8237634687694,-2163.035065902085,1404.88785056307,3461.0618815090857,-142.66620547928687,-5000.0,-4440.202000083734,-4013.1133512242623,-3944.4030688394687,-3092.598395721653,-2281.476566764266,-1507.5312157315193,-947.4484459606247,-382.93452976256503,1500.0,1500.0,1500.0,1500.0,1500.0
-2154.2635891644377,-4459.035991063047,-5000.0,-3939.1779334264183,2392.5482691924217,2418.6491566446,-216.78854271923774,1920.0811774246122,4262.288693382854,5000.0,5000.0,-1706.0315317022842,278.10277761006364,-3154.027667980652,-2343.93343303859,-1602.0030067257703,-1082.1434775520802,-398.6766203535308,1500.0,1500.0,1500.0,1500.0,1500.0
-2162.4004253800485,-4477.181486378051,-5000.0,-4038.2706096386514,2248.642780739332,4274.305734611856,1631.2090316898884,3721.2115844463324,819.5016837632643,-5000.0,-4361.8248364859255,-5000.0,-4123.55492978681,-3223.251911111325,-2429.1281551993698,-1630.6741408301805,-1077.1927583501065,-534.6226134796661,1500.0,1500.0,1500.0,1500.0,1500.0
-2257.168364855589,-4688.518074235986,-5000.0,-3485.5717045672277,2362.8212837064,4359.764436225984,2997.0918943653287,5000.0,1242.117472277664,2081.5260600001975,-5000.0,-4670.5253123683415,-3886.2619104142905,-2987.1711259984013,-2180.5318497698845,-1454.2297813759706,-1021.9408046608341,-415.1021310136166,1500.0,1500.0,1500.0,1500.0,1500.0
-2358.587777564783,-4914.687733966202,-5000.0,-5000.0,2277.6035612690357,4173.065673756418,-355.25238678637834,1785.71412246201,4174.142074425563,4969.907151140562,-3289.1286580305787,-5000.0,-4203.213167266072,-3294.554859515324,-2443.3874131919447,-1619.520595299101,-1092.3569249939937,-456.22425684842074,1500.0,1500.0,1500.0,1500.0,1500.0
-2381.106494372424,-4964.905442606943,-5000.0,-1868.05553968982,2225.7740290004094,4122.036222991695,-488.1498472856365,1613.9294801621418,4001.608768575472,-4766.835354025034,-5000.0,-5000.0,-4295.2752887890465,-3315.595524690466,-2491.4661953112927,-1671.818637317071,-1087.3478298456957,-474.6713410825423,1500.0,1500.0,1500.0,1500.0,1500.0
-2298.790018013697,-4781.336153938049,-4217.4944251173,-1767.0666068532046,-5000.0,-3007.346599156187,617.207122506471,2678.8902781488896,-1419.543522613557,-580.3001594076477,38.449812072810346,366.2108706346107,-3903.980107624586,-3086.7949690281694,-2390.91792118171,-1596.849530936137,-1084.1399118491981,-469.7156719446539,1500.0,1500.0,1500.0,1500.0,1500.0
-2165.118894258888,-4483.243789095946,-4611.960818923001,-1519.1632558141337,2221.3228749677946,4119.376597269961,1486.5081173008557,-2767.402549822168,-369.4466441389568,507.5550590911489,1199.7510074641823,1591.5971872868786,-3543.175365271838,-3190.345318015935,-2405.1083174831074,-1626.7454252538591,-1063.633930809453,-468.817506431782,1500.0,1500.0,1500.0,1500.0,1500.0
-2072.318396006675,-4276.2946799280635,-5000.0,-1389.8366471400172,2247.3817773120245,-707.4232172706088,-195.60403550855244,1769.245310132932,4114.193365348499,5000.0,-219.51431402906837,126.6658347896273,2256.9578514119285,-2426.3819083948665,-2428.802253592361,-1641.6639029843946,-1062.4734461090056,-423.2490090946403,1500.0,1500.0,1500.0,1500.0,1500.0
-2081.1883449840625,-4296.075048286066,-3104.528828780011,-1010.5089007020674,2241.0394093414243,-567.9024140719021,3016.6499929095417,5000.0,2716.9224832017144,3592.3921832824817,-1779.2205453970773,-1380.0673992496386,-4137.279544548549,-3254.2192073051174,-2491.2246789679903,-1621.7370964344755,-1086.9116406156863,-566.4474569965478,1500.0,1500.0,1500.0,1500.0,1500.0
-2174.8633421265104,-4504.974327654658,-5000.0,-2463.860347045232,2175.082608660271,-1682.7006470853257,-3395.1228952418433,-1349.918052052708,968.5254162475503,1899.6042592247059,2448.666726243814,2827.7556823689174,5000.0,-684.6349848903974,-2593.3007222309725,-1677.9914271108692,-1123.87707043497,-595.4655365910812,1500.0,1500.0,1500.0,1500.0,1500.0
-2271.712030500633,-4720.951075200026,-4602.252453170188,-2341.3115822875525,2191.8172793600697,-1354.4308295024484,-5000.0,-5000.0,-2614.829432097724,-1677.4934127803917,-5000.0,-5000.0,-3930.2098967682286,-3114.1886929662405,-2274.030133059049,-1441.3336957142665,-951.5649206182243,-432.2413434280579,1500.0,1500.0,1500.0,1500.0,1500.0
-2287.553015986271,-4756.277155300204,-1923.839967893814,-111.94783899054062,-5000.0,-3088.8342681563154,545.289438699363,2517.757100456255,5000.0,-2835.0202091610117,-2332.1820431655397,-1924.0943437065907,-4092.188243014808,-3280.4948809316975,-2489.290912088609,-1591.76211822602,-1073.0233149645765,-476.25063195359417,1500.0,1500.0,1500.0,1500.0,1500.0
-2199.813250703226,-4560.613698681938,-2486.5345855411815,242.38081761125966,2260.095269029349,4217.630483125885,5000.0,3906.1209840527918,593.3498862509887,1566.1717151267903,2130.2407452281223,-5000.0,-2935.80275935148,-3207.2193463671238,-2452.5781486906553,-1673.1534661508213,-1123.3598489791939,-524.0981111605843,1500.0,1500.0,1500.0,1500.0,1500.0
-2064.775605617534,-4259.473932398989,-3419.7013443096416,-1057.2838057855224,2187.386676475903,-628.0131740345491,1349.8012596412495,3241.549227509366,1045.1646008926768,1872.2401192985067,2426.7063021047857,2812.6277779323323,5000.0,422.81526561722967,-2456.5327411290555,-1593.909299731501,-1077.2936874078368,-499.8166367280819,1500.0,1500.0,1500.0,1500.0,1500.0
-1974.7822556334283,-4058.7848848075873,-1417.3992885132243,-21.427591091159798,-2515.45254916248,-586.0339437701418,3043.1908192140368,516.2140956349176,-883.4356432470722,79.31247224519029,-1530.7911801072123,-1091.4328201011285,-4053.642454263779,-3322.930376217429,-2564.376229949678,-1667.2674538005772,-1198.8344603480687,-582.3899916619453,1500.0,1500.0,1500.0,1500.0,1500.0
-1987.9807144085394,-4088.218016496976,-3739.618473060795,-1125.686344816018,2159.2152559135593,1429.2949708962392,5000.0,2568.6784991199565,5000.0,606.3883394389859,-3756.2405178265735,-5000.0,-2895.408889722336,-3148.403433113752,-2389.1283004040224,-1530.5681423016981,-1032.8479001397313,-528.615035867595,1500.0,1500.0,1500.0,1500.0,1500.0
-2084.106559301969,-3048.1636261681965,-536.1567715105442,-569.5809391519678,2179.9597422935285,-784.2382155625332,609.0515137362399,2549.097190378753,5000.0,-562.855792242035,-43.53956280550028,330.96235730978697,2471.689181053034,3207.6581508513837,3956.2131669476994,304.78959498621,-1330.057131713118,-679.9277022498627,1500.0,1500.0,1500.0,1500.0,1500.0
-2179.9714398958777,-1149.2110624110123,-51.83359824171589,1229.6876444955462,-4600.556159154305,-2530.3787528954126,619.6992563848853,2530.912752946999,5000.0,-1585.9646071710386,-1119.5822465413994,-663.0171760425483,1493.8229565882293,-3378.4200692329377,-2524.9842881769455,-1648.2898514851777,-1286.2675256181328,-636.4076560186904,1500.0,1500.0,1500.0,1500.0,1500.0
-2192.862810301175,-3885.3014284879705,-2917.4322410163504,-1887.613055930478,2133.494621980345,-1727.0234917288758,-222.0721350975664,1669.478630519895,4157.072405134551,5000.0,2296.8077485471767,2815.02729485918,5000.0,-916.3234295121893,-2646.825376733025,-1721.6123669733634,-1209.8198421552324,-591.1556573439302,1500.0,1500.0,1500.0,1500.0,1500.0
-2103.5797952958083,-4346.008947158018,-2428.7222832539956,-2343.9714122638024,2096.3480415791237,4227.3634528655775,5000.0,5000.0,2644.2292774557536,3524.686962111513,3949.0448028785995,-2140.829986508653,56.43605936955737,-3514.0864400433875,-2641.489734799353,-1741.4275971984853,-1314.1105358239756,-633.8819619815531,1500.0,1500.0,1500.0,1500.0,1500.0
-1971.106672493856,-3476.9347718979416,-1011.55589322174,-230.7553734447643,1818.1807694363447,3896.0525058650337,3061.9903135843633,5000.0,5000.0,4065.8845673730784,-328.3283923141762,-5000.0,-4099.976638060305,-3239.987224414981,-2407.910124746447,-1613.236068982053,-1156.5711616314156,-638.1469854980983,1500.0,1500.0,1500.0,1500.0,1500.0
-1887.750652560731,-1056.7942300107625,32.075067759214335,-735.2365085504881,-1631.9794936810545,-411.7019288110573,3113.0302020371664,5000.0,5000.0,5000.0,1473.8313888490934,1951.1856253129813,3996.780277010083,1025.9549223039548,-2416.5234779222574,-1626.7429807362432,-1139.0624117872835,-553.28030930468,1500.0,1500.0,1500.0,1500.0,1500.0
-1908.9036835665393,-3911.872830893375,-2933.397576187789,-1607.8067089776769,-1890.9653707669158,200.72260754620174,3749.9249277599297,5000.0,4224.476471385269,661.80743438625,-3087.4632021550983,-2662.251268419079,-579.41724357464,-3199.801357905131,-2351.8755047616114,-1486.0303140639667,-1124.0079881969214,-537.6300120867013,1500.0,1500.0,1500.0,1500.0,1500.0
-2010.9103737131122,-1537.1600941257657,-1854.9796223725252,-1795.6429996233405,2246.347720815802,-4.932562041161418,3627.2272245998024,5000.0,4450.795247489622,-238.89116941675093,-5000.0,-4472.489825192685,-2365.3931028205006,-3276.7104958609316,-2541.3222353039228,-1629.5686130476233,-1248.2107601657399,-577.7173398676987,1500.0,1500.0,1500.0,1500.0,1500.0
-2109.1229406532966,-2855.425852635655,-1900.320578572567,-2285.3526372033366,-1033.9552724232472,-4146.522886412586,-679.7165683139838,1246.0284008220851,3748.6035961242405,4562.037713234471,5000.0,-1073.2618598050567,962.3865260749053,1742.0878864092047,2624.013887353163,3366.985362134639,3766.220102294429,4359.291575474216,1500.0,1500.0,1500.0,1500.0,1500.0
-2122.395134411274,-4387.967963994917,-5000.0,-3910.8479360010533,-2564.353243866335,-467.0341388929837,2976.8710306760495,5000.0,2435.017181418818,3254.822143601694,3794.6795266168992,-2482.27084483382,-457.1285712004228,377.5990235115587,1281.9550664434628,2127.781941896026,2500.7471045677503,3194.9899158432754,1500.0,1500.0,1500.0,1500.0,1500.0
-2034.9064770683308,-1949.4353992795702,-1869.5038373006107,-2116.382575272927,2207.095621159635,4267.202187165739,5000.0,1987.1305416315745,4559.424916182109,-581.3806527557199,-91.36000433687241,404.2939357494315,-3244.536021332,-3379.9331934194047,-2541.0432888949567,-1706.870874629682,-1207.7880312046677,-472.7170491741672,1500.0,1500.0,1500.0,1500.0,1500.0
-1908.2409930816402,-2112.7785231565986,-1335.6750480526712,-1933.062010542606,2259.091953652596,828.4565362373514,517.4024793237099,-1398.5573565546922,-2185.5836821517987,-1417.5149625201066,-2276.6611296171395,-1739.7319542008872,-4063.110056501426,-3384.681384577617,-2502.8038900658676,-1583.792526204159,-1212.4235691313447,-501.7865939926328,1500.0,1500.0,1500.0,1500.0,1500.0
-1834.5229849356947,-1153.6426677176287,-1293.9078593022589,-1728.7245695908384,2302.1277301606538,4322.007930098855,4666.809469704874,3448.416228990297,3154.2718342722233,4000.7444302442314,4490.623154593461,1357.913087857617,3398.9853522441217,1022.7546587131415,149.08684184883737,-1616.112085984681,-1226.1642533451645,-527.8216580064218,1500.0,1500.0,1500.0,1500.0,1500.0
-1866.2941192182768,-3816.8516666757123,-4541.87033584645,-2628.773910576626,2206.258677910316,1246.5229839520484,1373.493077954448,-79.73179543409447,2478.7336750896475,-675.1421923054927,-151.41812628397156,-3231.518132960592,-1240.7084570997654,-468.62668035645174,391.88933335109004,-1591.6231093247407,-1158.5943332380693,-516.7963220777528,1500.0,1500.0,1500.0,1500.0,1500.0
-1976.52627270482,-4062.6741180131803,-3597.4100652724323,-3476.0515573369603,-2398.982084095646,-4457.453872476573,-5000.0,-3634.48396629943,-5000.0,-4280.972356868501,-3713.3069454336846,-3081.083571459005,-4008.38043276392,-3290.3509195134766,-2454.8105136588556,-1631.7028792014557,-1262.4652682725578,-607.9801556198308,1500.0,1500.0,1500.0,1500.0,1500.0
-2079.2179539868334,-4291.68099147313,-5000.0,-5000.0,2249.0370620867334,-667.7847338536435,-2496.2778117666485,-1884.4433589257924,618.3368877673402,-5000.0,-4505.981294752576,-5000.0,-4081.794138490988,-3283.8263432527865,-2320.247405631824,-1609.6122322888514,-1192.2115566280454,-428.7950269140629,1500.0,1500.0,1500.0,1500.0,1500.0
-2094.891212794727,-4326.6330338558755,-3041.096949723159,-3326.092746252039,-2582.690591773233,-556.7224752431157,2954.1828132832125,5000.0,2709.445682634564,3476.3647277568152,3992.0697183836155,4495.418565775019,900.9714824862267,1579.4001544100356,2566.3399779000147,3400.2127607234797,3862.2363964903934,4604.626430956959,1500.0,1500.0,1500.0,1500.0,1500.0
-2011.1168206564955,-4139.812530188219,-5000.0,-4341.734416741514,2314.2423348063157,4411.035162040681,3098.181406342073,506.0876794886599,3008.3899045334183,3786.6235690520934,4331.300569128853,-742.7157210619075,-4169.385187914125,-3376.4502692802052,-2489.8201189973825,-1692.6292823091612,-1253.2311237322278,-550.9496608090176,1500.0,1500.0,1500.0,1500.0,1500.0
-1891.981218585176,-3874.1350049250295,-5000.0,-4376.307294375913,2310.6750105075257,4337.418259169127,4268.176565191754,5000.0,5000.0,1415.5840332973157,-1284.1945090364825,-5000.0,-3067.269285772583,-3461.559439302438,-2528.5323460692466,-1724.6267696823702,-1262.6643627545413,-580.2129994401371,1500.0,1500.0,1500.0,1500.0,1500.0
-1829.2866767647115,-3734.3234756359143,-5000.0,-5000.0,2205.9567730106287,4298.80335691168,5000.0,4318.56492679646,4109.345295902245,4891.676426564538,2051.875979634231,2543.8959873360764,956.8476257649227,1818.3157850634361,2762.315999945786,1186.5993052853228,-1036.996062975184,-437.5006472447799,1500.0,1500.0,1500.0,1500.0,1500.0
-1872.642962913685,-3831.0098616397086,-5000.0,-5000.0,-506.06756736058196,1479.4601272199716,5000.0,5000.0,4477.184627220763,1122.2577752684338,1689.657533440206,2149.1240700940907,2758.1841372066983,-47.295579761595945,785.5679643246153,1496.2031376675882,-1117.5717630095269,-474.5071436024127,1500.0,1500.0,1500.0,1500.0,1500.0
-1991.681750106527,-4096.47148555288,-5000.0,-3935.5468492697323,-2479.6813738356295,-457.75821319726765,2989.9378136925834,5000.0,3592.1609281860856,4356.211875189779,5000.0,3049.736446916942,5000.0,1116.0200647401398,-2623.9299066409185,-1774.6712598092222,-1258.4265225330846,-471.9499732775894,1500.0,1500.0,1500.0,1500.0,1500.0
-2099.165391194877,-4336.164635829948,-5000.0,-3831.450991028383,2264.60490167023,538.0675580997786,4099.223013636238,500.0283686268849,2977.817512544536,3774.177469542701,4395.085688313195,4937.279016877662,501.1289254995845,1301.2407854034882,2215.3172977798504,-1666.8405731348157,-1068.006791086861,-448.21980423033256,1500.0,1500.0,1500.0,1500.0,1500.0
-2117.394134594553,-4376.815518948702,-5000.0,-5000.0,2316.08094801049,4409.94872992809,2237.09497512082,4315.515154366756,4224.84461213308,5000.0,842.6385470389987,1272.7230098767213,3205.453724104138,4073.338215003384,5000.0,3377.725734496713,-1115.0122479516376,-430.0580955181895,1500.0,1500.0,1500.0,1500.0,1500.0
-2037.3465939682417,-4198.306054714225,-5000.0,-4879.8726390583515,2319.7058473799007,4237.284836641651,2743.466684438943,1410.696591294743,3782.6682402925458,-1359.7022108429423,-698.060772005842,-342.55569852344115,-4151.353125817695,-3333.4413635290152,-2473.638846429652,-1713.8075983027798,-1171.4798069810636,-455.0025251055713,1500.0,1500.0,1500.0,1500.0,1500.0
-1925.5215195325263,-3948.9313210332925,-5000.0,-5000.0,2305.08650654376,1037.7420784019182,4523.886639067749,2537.2954374325877,5000.0,1110.723986614641,-861.1774863500605,-5000.0,-3919.3578970767912,-3070.8595099215413,-2294.3321567866537,-1550.3893766048427,-976.0848618817377,-382.93452976256503,1500.0,1500.0,1500.0,1500.0,1500.0
-1873.271409100349,-3832.4113237109204,-5000.0,-4609.774230670755,-1416.2885915534207,-2615.691270047053,492.6360351522708,2627.9387676975057,5000.0,1695.1658482989442,2338.831560317097,2731.4043023177437,3540.949064320799,777.7568877803405,-2348.0246937791053,-1606.7207111958273,-1123.1051929720152,-468.78458323322775,1500.0,1500.0,1500.0,1500.0,1500.0
-1927.2076937313477,-3952.6915621410453,-5000.0,-3382.3537737472607,-1959.6076923650808,-3417.1165985836196,94.75126937123105,2138.718566318457,1116.7991647543722,1908.3861479598654,2527.3737831238213,2983.4529936625486,5000.0,1803.9974328707713,-2041.795048408011,-1763.305407098881,-1125.0416850551183,-444.230559671395,1500.0,1500.0,1500.0,1500.0,1500.0
-2053.670167181253,-4234.708326237469,-5000.0,-3942.222740676234,2272.7756007694134,2050.4640333834636,546.9294506784172,2598.651694334165,5000.0,-273.88066442514537,361.85169397334994,-5000.0,-4025.10313404695,-3103.8780064256434,-2333.336848685829,-1622.701675342856,-1054.8859220247268,-431.62119793341935,1500.0,1500.0,1500.0,1500.0,1500.0
-2164.315375000114,-4481.451906531366,-5000.0,-4065.8251127898493,2324.0940535408035,1425.0008395288241,5000.0,751.0943509670496,-2148.903622475418,-1236.8609313359784,-646.8717606622831,-203.53729914561973,-4438.788060820241,-3572.411039692247,-2778.1673276759675,-1948.57412968683,-1306.318382662408,-551.3850175337184,1500.0,1500.0,1500.0,1500.0,1500.0
-2183.340105895594,-4523.877876058792,-5000.0,-3467.1873118044396,2283.0447604633555,1439.33732545551,5000.0,480.4677033862408,-2680.8372432305073,-1809.4070894878055,-1317.1351968289205,-5000.0,-2983.488428902114,-3091.9989160865216,-2246.4903559021104,-1465.5908950966204,-940.2807853948616,-422.92350823304696,1500.0,1500.0,1500.0,1500.0,1500.0
-2105.153396368717,-4349.518145345069,-5000.0,-2940.206023845627,2226.9608957478385,812.6908554793399,4410.980845530831,784.6892285556933,3136.9019512173872,3976.621804004012,4577.740122562798,5000.0,5000.0,4197.771166334194,5000.0,3174.2771449688216,-1088.94434182865,-445.3036009375064,1500.0,1500.0,1500.0,1500.0,1500.0
-1998.5833863470832,-4111.862431708169,-5000.0,-3314.5953873288636,2273.1576139097506,5.72814705901601,2769.218292943032,129.8026881852379,-1532.1819057401317,-632.1459383206502,39.12138838354895,-5000.0,-2850.006959911176,-3319.688095252831,-2546.4425484726025,-1745.8786901600433,-1147.6347864520371,-574.782501800225,1500.0,1500.0,1500.0,1500.0,1500.0
-1954.4160307932061,-4013.3673259886473,-5000.0,-3169.3220374518837,-2379.105553891923,-4202.8976977006505,-644.9517392060498,1351.1326807994274,3704.949875953142,-428.11252268903036,-390.04380454175407,-5000.0,-4165.201908844587,-3306.65450259003,-2536.6139553777725,-1639.464376530731,-1056.0447665956112,-444.0891006547904,1500.0,1500.0,1500.0,1500.0,1500.0
-2016.2122354116073,-4151.175524614665,-5000.0,-3030.861601740987,-2814.5423763878116,-885.778689481026,-2024.3393457119369,-21.806374300811967,2389.346453578379,3332.3815813101305,-1336.967974859635,-979.5519670815424,-4167.915522133472,-3183.666007351322,-2438.7115065378584,-1619.9281647598832,-1057.7319270398289,-469.17654555017725,1500.0,1500.0,1500.0,1500.0,1500.0
-2147.082519261376,-4443.021895801705,-5000.0,-1889.0857714369824,719.4710916917711,-2918.356189816581,667.8126943835659,2681.5565316997418,5000.0,990.4115075097006,1623.1760133970192,-5000.0,-3987.672425960476,-3199.034055751772,-2430.8242427852974,-1556.3176260216287,-1024.956506774768,-500.5755518913129,1500.0,1500.0,1500.0,1500.0,1500.0
-2257.718716347651,-4689.745381773731,-2621.4438252041487,-710.7880665877933,-2436.0101220723755,-469.2390118905787,3101.432156807514,5000.0,1203.8512952863466,2097.7168145379446,2662.095350231072,-5000.0,-4153.26049694111,-3245.710565823676,-2556.2069818031814,-1725.6105912355042,-1129.7871671540397,-561.2082347541254,1500.0,1500.0,1500.0,1500.0,1500.0
-2274.3385043596713,-4726.808225060401,-2147.250806704162,-793.4915824883144,2124.5629635311143,4233.767574051178,5000.0,-355.35456457399596,-4279.74015020136,-3352.761025457945,-2794.2012475173597,-2380.137917082431,-4092.5553345365297,-3218.9657898163396,-2493.3949505563005,-1578.5066836240203,-1044.7851628055705,-540.5522985334346,1500.0,1500.0,1500.0,1500.0,1500.0
