,T3,TmY15,Am,T5b,Tm5c,C2,Mi1,Lawf1,L3,L4,R3,R6,R4,R5,L2,R1,CT1(M10),Mi2,T2a,T4b,R2,Tm2,T5a,CT1(Lo1),Tm1,C3,T1,Lawf2,T4a,TmY18,TmY9,L1,Mi15,Tm20,T2,T5d,TmY13,TmY10,Mi4,TmY5a,Tm16,TmY3,Tm28,L5,Tm5Y,Tm4,Tm9,R8,Tm5b,R7,Tm5a,T5c,Mi13,Mi12,TmY14,Mi10,Mi9,Mi3,TmY4,T4c,T4d,Mi14,Tm30,Mi11,Tm3
T3,1.0,0.10077414160951191,0.05496440986112068,0.011372504441147426,0.0036423923585635802,0.01313793013653602,0.0036049453237671277,0.02460877084712613,0.0008831941505205449,0.007619889231951282,0.061889124069037245,0.0429596575186662,0.05903463804220098,0.03288642302459325,0.021785362123205032,0.09478692603647415,0.04173641071886184,0.07424667159972512,0.04581609228190717,0.008958922931852631,0.02083673760893247,0.025882236301831178,0.12210670860090916,0.05829584516091149,0.09887842561011703,0.005687278297447229,0.058243752135477105,0.10083771964080154,0.02375301186264792,0.00666412621809603,0.007619889231951282,0.0725726472521018,0.0036423923585635802,0.08294987312216434,0.08642609370748601,0.07421100449045447,0.10072024070324997,0.015109721536679666,0.014337387808552175,0.019503043598020842,0.006207127684977432,0.011188433523619515,0.020409322046422564,0.07517113218891938,0.051961170799539776,0.055094719657212195,0.01042320082571491,0.010815101963783899,0.05740741112477628,0.016335162375679134,0.005430325746404919,0.05640887113765378,0.023917231491843136,0.04277763693508703,0.07542868212897079,0.05780323293110524,0.036560277444635,0.0771142952187725,0.14161165257557343,0.0477449765783486,0.04521474265323484,0.0372447187367935,0.15958933832074929,0.13435417991710616,0.1256623843530472
TmY15,0.10077414160951191,1.0,0.051323804344735206,0.008126069031177362,0.0025868962041898183,0.06824439369648853,0.10766031589635143,0.03409568655927899,0.011908235328968184,0.007236944094418281,0.05100191713945889,0.01532892103653466,0.04342228059724707,0.007810474552971873,0.07229699583361848,0.06194834671861244,0.003702130976131317,0.06664583256910486,0.01482227464755774,0.03155848621750624,0.018189445092486125,0.06758727283117173,0.05649154708879872,0.09906530820965767,0.11182553082626535,0.014304566586323102,0.04013808899139029,0.030056660657707453,0.005134837999507698,0.01564358725428713,0.007236944094418281,0.02439639468627441,0.0005714551821696115,0.056583695335289064,0.09456377014569009,0.022358540286322143,0.08874955793982821,0.1147136859816556,0.05599526911856249,0.037600480876061444,0.01199585205989241,0.017244974489059962,0.014003177549428621,0.07496616669364371,0.02107744927057945,0.0079591610089493,0.02077966331271527,0.081576362440874,0.062150429425034334,0.012915775409137662,0.00278063960454352,0.007631402248149707,0.007932643571877186,0.008713984726931094,0.04855166773253786,0.07007382939239828,0.02966494304956762,0.13498841644376178,0.08840949655510787,0.0395584472496341,0.010055686762317837,0.12286175477876282,0.059648893049939644,0.05098544711915018,0.07136658609020599
Am,0.05496440986112068,0.051323804344735206,1.0,0.06821959353466327,0.0779221112482959,0.043965509517660914,0.10002071285914159,0.03802743849746891,0.05141980673174558,0.00950498518499162,0.03318475634406042,0.07863700914453489,0.053218293756894595,0.04176158878998176,0.017312518869729693,0.037431708284651144,0.05934485836825694,0.07188669306088091,0.05157732627032986,0.08044456513842917,0.03588657793198798,0.021973281761037182,0.07193558029693273,0.11755379263682865,0.034838948532974465,0.06658778049538729,0.013349977318929784,0.08545159474303003,0.01769476816885301,0.014589970554920357,0.03454781542154554,0.0845797332051977,0.06213573153989314,0.026599106450912315,0.011450142725782408,0.038676411798156694,0.06324243807329531,0.042411401402604604,0.0020614255065738267,0.058433208474552537,0.03993936301995332,0.047002967879971755,0.015624627261243057,0.049716681614771184,0.1302192065678053,0.04094483227508968,0.06868026644134448,0.0692228319701777,0.08530289948481068,0.08487355597239861,0.10297310032647489,0.12402901775828419,0.08222381880005764,0.1066268890902517,0.029437075250722897,0.05362408819105175,0.01619210559292721,0.13460492129163462,0.07750159712813788,0.11117872716257773,0.016854735290327598,0.04116886729477015,0.0812042832688998,0.04070352244109901,0.04923221289108915
T5b,0.011372504441147426,0.008126069031177362,0.06821959353466327,1.0,0.1028381936435203,0.05016564298104036,0.03898106400380992,0.04745644289863093,0.06751557724118899,0.020586190644399326,0.06402741596780154,0.0273532598775933,0.048223150124612806,0.024007007423286646,0.03838451917688866,0.018719471154274803,0.04834750644529264,0.04916853703375642,0.12586949936791644,0.15633757981745444,0.007129854759104388,0.026858395723257614,0.05165800716934223,0.07633135618464036,0.018922520186158927,0.03391605394588391,0.03589914177107435,0.039972561489683124,0.03592469416752976,0.12697031123203004,0.050106941994715895,0.09624831852867827,0.013197380708445778,0.04297721104457874,0.05570498024314935,0.08353463012472809,0.021287424889766465,0.07453633856616948,0.028191396815937644,0.02127371069735649,0.02096454746056438,0.08923086510509562,0.01665191189673197,0.00851494491945862,0.07412370840526553,0.12993265247702035,0.026916114925379243,0.07124331201055749,0.05027636343474486,0.07462805508794353,0.052913832500133574,0.13138278881234844,0.08031514257060889,0.11652158237121284,0.06278282508733728,0.040108970270246985,0.02988050711791727,0.08957762575993987,0.07127279962665661,0.08762389056282575,0.06978810885155454,0.02969775838954871,0.043179919062102674,0.0035316702293181333,0.020448008687338544
Tm5c,0.0036423923585635802,0.0025868962041898183,0.0779221112482959,0.1028381936435203,1.0,0.03032250232856606,0.0062282588549512,0.01852962598557819,0.03513473251205937,0.0020102205441866177,0.01585832201432001,0.030853684370829325,0.07722348152221782,0.02480642708330672,0.0002047633448547624,0.001974849001504644,0.015688456166232267,0.030163448162199184,0.010209490328781962,0.07058395513884122,0.0020102205441866177,0.004289773290927954,0.07824744435679758,0.04076723362354074,0.010730896206627377,0.05038290070421619,0.0005691280780683416,0.013510160207242907,0.07061053506547833,0.052699999857199836,0.015446949855146684,0.11926271019755535,0.09862194156733006,0.16006015537902213,0.006864847776443923,0.056858511946662776,0.06266775499916766,0.09436482226107008,0.08120823905911141,0.09659473633234923,0.01406022603911868,0.05321829457770339,0.09303138689125696,0.038873552052771806,0.05669596128154667,0.09467470689335526,0.053663903320236524,0.10234625065114189,0.06050599089873042,0.1234793276572577,0.0980263992309653,0.04222973855557128,0.029175671616886424,0.0003714020087956611,0.028851506077532518,0.03116230661221885,0.0005714551821696115,0.03539788283197303,0.01388621262151629,0.03175158673429475,0.02331059113170603,0.03641997652700896,0.027713967056872058,0.0002047633448547624,0.048661869392478484
C2,0.01313793013653602,0.06824439369648853,0.043965509517660914,0.05016564298104036,0.03032250232856606,1.0,0.2641929033812194,0.049776003366812434,0.09334670221080835,0.020673107118352962,0.03801580848700757,0.11723328802576519,0.10029081749400084,0.041965382507568,0.011189209638308804,0.02188268391417806,0.03268747680369368,0.1577549403713005,0.23175311596590947,0.032463180973221276,0.012377619975607337,0.05620158454751083,0.054273781957432696,0.04280399716211865,0.032516420396201305,0.023696978347680243,0.08903108446435508,0.0756732109398672,0.05383127103856883,0.06705765452066101,0.03518873075707579,0.10014246205195042,0.03032250232856606,0.03618503702059227,0.08295273999944086,0.040996673091169,0.06593797994605448,0.056843166903517386,0.05619565721613434,0.07305725199505153,0.02981487944051785,0.07703810390005875,0.06731485846177133,0.06329938064702458,0.05235755117031821,0.06476501988813994,0.06841342238404341,0.0760602132251767,0.15206780263914815,0.09428946786470402,0.12735227527164464,0.08634129606718359,0.1218498188396068,0.027856819006212636,0.044462351005189936,0.07978622697311373,0.026407930367480376,0.04184222228974599,0.04434438999456977,0.021747249855622482,0.04530824027248599,0.10323748712410301,0.06292935156211998,0.07335534965686812,0.07076114418891846
Mi1,0.0036049453237671277,0.10766031589635143,0.10002071285914159,0.03898106400380992,0.0062282588549512,0.2641929033812194,1.0,0.00032654898386815586,0.014545917679967794,5.2581272400957e-05,0.02746401482321091,0.05436509791043278,0.12673508514098678,0.01034339748177935,0.0001468599274684347,0.00980436330588587,0.03509541905440562,0.04533680428631229,0.09332287480524036,0.013680830293689474,0.009917584506130747,0.01169415197339683,0.024975877354036884,0.005323116315261974,0.008897584492813054,0.016242231718113967,0.0315336325655722,0.08800033040945184,0.017443351739999193,0.06403739399492478,5.2581272400957e-05,0.22109742315153647,0.0062282588549512,0.0038603251424064178,0.054103461480319505,0.06769372683922906,0.030472752562950515,0.0285470144537207,0.013029184342018793,0.06477528886766945,0.050872013424027626,0.15229116091181838,0.02859986864399655,0.028858796877085452,0.04157336711229294,0.01933462622262939,0.01987324622749759,0.058445454563931944,0.07402873465650606,0.05208105521640518,0.11622117654922137,0.07068561935847793,0.13392348206309956,0.0055696411161644905,0.009163842935090191,0.05327810619140711,0.0004067864845422677,0.03079817585193452,0.037620817459580756,0.10933684621763161,0.05355002651627614,0.017258259130899577,0.059727234336505855,0.01360263797411315,0.042308773927987174
Lawf1,0.02460877084712613,0.03409568655927899,0.03802743849746891,0.04745644289863093,0.01852962598557819,0.049776003366812434,0.00032654898386815586,1.0,0.10007713790917176,0.08040823188113941,0.031150671975640507,0.14895737030946452,0.05405151539086565,0.08018713216090076,0.07442812678979392,0.04323550575417234,0.008981773908965242,0.06514480607934219,0.06362137009565405,0.09136436897847641,0.018021063558313535,0.04895035013271946,0.07305378431258741,0.06015097492112803,0.13520938065239393,0.01956893820203139,0.0318441921695967,0.07203748017418592,0.08114148064571669,0.042020814045914956,0.08714095796008257,0.010183805056797402,0.03215751085531209,0.10711107747661633,0.09445575465492546,0.08779238705214194,0.04977711769897374,0.11563013830075407,0.07161300736199126,0.0666240030290766,0.043596237345469635,0.06014358180945898,0.09878766302854637,0.04388571930226633,0.061762837399047484,0.09108356192847183,0.04905486657562326,0.11672585552577909,0.032995480433888044,0.07937020267280316,0.033408000698716814,0.021991380266211776,0.11548285523817786,0.08506005166898518,0.13166666591165463,0.07417799418457374,0.025641259977189877,0.10055073758136694,0.09048929755250958,0.15751934607611126,0.10346794648345309,0.07206308528833316,0.10747755621630395,0.05160606594166715,0.06567660845185579
L3,0.0008831941505205449,0.011908235328968184,0.05141980673174558,0.06751557724118899,0.03513473251205937,0.09334670221080835,0.014545917679967794,0.10007713790917176,1.0,0.18772341796758063,0.08361704588045984,0.12342821533857552,0.14157414919829522,0.08383958858648036,0.015503517782462308,0.08143698371893156,0.031096418617797605,0.11977467318597597,0.07247871436110431,0.06660019052190498,0.05047709455082567,0.07524613996662795,0.14194750610183915,0.06984651835158374,0.1992051492289034,0.07418478356912817,0.0679886919335217,0.18571516251619316,0.03017668718582238,0.07526667503149757,0.026648408153262353,0.06523668279367079,0.012120483237319787,0.045131543483357656,0.16476231175874315,0.08411464855933466,0.16198401219961459,0.1955866078644628,0.05104806316115712,0.09877192124955364,0.08653084456539273,0.12457161464663413,0.06667072883682468,0.027919245479860407,0.08461184750343802,0.1708839060202013,0.058324667963359535,0.07378480503838906,0.1555044601701067,0.10133306563669862,0.17367657271589299,0.08776009645777087,0.12689646188703732,0.09192537415481455,0.037813801183678324,0.09744256617944919,0.035086008015756384,0.03837508535637731,0.07667755120315504,0.07966210697883301,0.03592063808501199,0.13879409010783364,0.07011847977190756,0.010358813410886361,0.029976561971554787
L4,0.007619889231951282,0.007236944094418281,0.00950498518499162,0.020586190644399326,0.0020102205441866177,0.020673107118352962,5.2581272400957e-05,0.08040823188113941,0.18772341796758063,1.0,0.02664118521036361,0.06631119529193419,0.022466862735400755,0.0733837525639751,0.018540774314356866,0.021283759022770916,0.02754200067192629,0.014563845223244075,0.013435367825225345,0.023246209151525664,0.06303485754001227,0.04811810373093201,0.09728060058893043,0.01769039353729718,0.02457598976334533,0.027988589008792936,0.008190555407561192,0.11118118695653173,0.04469907259024599,0.023509838561321987,0.09849344262380101,0.07553941756178015,0.0012602785728266829,0.007235985102723416,0.029355599068276162,0.033213247502303575,0.04383338059417309,0.1159202328977299,0.09213274297955198,0.0854945073139083,0.09040766839448194,0.04913199261752304,0.05222559710371403,0.0017049081833379123,0.006848385372058331,0.04624522429880709,0.0016052184454560204,0.010917682745849887,0.11806158104441422,0.010794892201071632,0.0353288583891082,0.003140324822131758,0.05444456968360235,0.050398063781722936,0.05711197314664257,0.06019983453754921,0.043629310311198974,0.04617421630729336,0.04742696956996855,0.10189366420911074,0.043304352357866185,0.025755912179213192,0.06610833273897083,0.016088622518561673,0.0371868146270696
R3,0.061889124069037245,0.05100191713945889,0.03318475634406042,0.06402741596780154,0.01585832201432001,0.03801580848700757,0.02746401482321091,0.031150671975640507,0.08361704588045984,0.02664118521036361,1.0,0.3883183799413947,0.20133640585720683,0.22847876256687213,0.077799736986845,0.22852392449495784,0.05939252246241824,0.10570628845695258,0.07262203852465503,0.13057453006032763,0.10510938651537931,0.07655129243608746,0.06679450977714306,0.07681506685959696,0.08645471635497314,0.02086350966605512,0.06160173528852429,0.020895432320510367,0.06462041719358015,0.049164218794106214,0.0060530167087235924,0.10817463801804714,0.053716508822322026,0.11092068491317737,0.0689351986846689,0.08892302665308484,0.053334933128106755,0.1468940359029501,0.009271510798632001,0.013947248387125723,0.050493418017570804,0.05810884929584415,0.023833057297656775,0.0893868492314809,0.10937304055880057,0.1161235860950787,0.05332503075278408,0.12964741233468752,0.10369491634617087,0.13911085791962263,0.1001857625206718,0.028447795742796617,0.06505335702153751,0.05372252603202072,0.0826067892302294,0.1084076563073724,0.014553962567580429,0.09622625334969517,0.0768493081561944,0.048069748870101126,0.06964249228536035,0.1417746118371469,0.0790215213806163,0.12145036004140584,0.16044339996892787
R6,0.0429596575186662,0.01532892103653466,0.07863700914453489,0.0273532598775933,0.030853684370829325,0.11723328802576519,0.05436509791043278,0.14895737030946452,0.12342821533857552,0.06631119529193419,0.3883183799413947,1.0,0.3919275441923087,0.4043119531487595,0.15868222476993854,0.22272395401460923,0.037681575549111355,0.12929646476650186,0.1295323200299437,0.1445954466651615,0.14139818226906847,0.08302922772199581,0.12409974759908017,0.08226879282805669,0.10689679189091689,0.02129309674525615,0.03951785526346992,0.011812439153975129,0.05530432360421175,0.06155582485187371,0.04496067186461889,0.13926512237185582,0.03836791139080871,0.13413049260655044,0.058968558274109066,0.15227485403357835,0.10259543572392153,0.09121589372622647,0.015423844731884828,0.050051852251476826,0.08349841339963995,0.135377961814963,0.08373313230935078,0.014633885338996523,0.04417613953227209,0.03568618019818005,0.07350245563065205,0.04748137246711179,0.08476677791164897,0.1307584511201554,0.07576650784255243,0.09455975587262473,0.1031452944594988,0.03834618281851765,0.04235323064425206,0.0819819128407397,0.053809994367887755,0.07362058277477367,0.12922900319166924,0.047131369429496535,0.09066027784058527,0.09203284626158759,0.0565563844235329,0.04639976736969057,0.04026035060818773
R4,0.05903463804220098,0.04342228059724707,0.053218293756894595,0.048223150124612806,0.07722348152221782,0.10029081749400084,0.12673508514098678,0.05405151539086565,0.14157414919829522,0.022466862735400755,0.20133640585720683,0.3919275441923087,1.0,0.41407554061864393,0.11464279425112994,0.1400710126299984,0.03968854909254337,0.05307584922253204,0.08011137755768157,0.059952723174999126,0.0771719774584588,0.06736677461320996,0.09127699177526474,0.06397342190716138,0.14655305604135757,0.05923417697525386,0.08946145730747804,0.03479639224443952,0.03281539512607342,0.0334428344361711,0.017714134042769464,0.1442315648875471,0.024126478176342697,0.08634083534593312,0.07771817417461065,0.1401530823465838,0.09367091895455847,0.0915112028336893,0.018785383881416817,0.044796536875078244,0.055995996232013505,0.030563593893813346,0.05667002800371262,0.009956872313349218,0.04583596433730748,0.051352792719467986,0.0376773203671171,0.09854106080480335,0.07631272963521178,0.08773447022703786,0.08801742617360847,0.05075344942820098,0.08877664401992402,0.051200405277183815,0.06534103800282046,0.032236051116518935,0.07351354239547626,0.021430903550949593,0.06299451459290022,0.05114803809481416,0.11551501442474071,0.10376684173654023,0.07346327725422509,0.07077865077546254,0.10326958847991298
R5,0.03288642302459325,0.007810474552971873,0.04176158878998176,0.024007007423286646,0.02480642708330672,0.041965382507568,0.01034339748177935,0.08018713216090076,0.08383958858648036,0.0733837525639751,0.22847876256687213,0.4043119531487595,0.41407554061864393,1.0,0.09852812522555827,0.17872026553543027,0.07921072183401688,0.0398196370102005,0.09338126142543317,0.029844869917237546,0.06707704245223457,0.12154559711173635,0.14807056136356775,0.06795988407547474,0.10987808185863734,0.010386793627368584,0.01907818309034126,0.02794186465926326,0.0382927014895778,0.026768240543496635,0.022834656119704547,0.11525037794394939,0.0608993091455145,0.06297730479531546,0.08623459639151014,0.118541037575802,0.07969327583353776,0.03770556827738434,0.012038722156392243,0.07224098612767435,0.040332873398350295,0.03618959090506365,0.031037596815634474,0.00633835409734497,0.03938754027383443,0.021315104615405048,0.04828703077868063,0.05206738593010702,0.06491882512635318,0.07614439623519377,0.011589053129817506,0.09606591930685093,0.06251498427439443,0.013668480411351651,0.021183069657343283,0.03314797669161406,0.024567491599559687,0.038414880053438724,0.01723364628426303,0.005594532059960607,0.05184142187047834,0.05108444223207832,0.06070139975012117,0.043690412004991866,0.053260540316801594
L2,0.021785362123205032,0.07229699583361848,0.017312518869729693,0.03838451917688866,0.0002047633448547624,0.011189209638308804,0.0001468599274684347,0.07442812678979392,0.015503517782462308,0.018540774314356866,0.077799736986845,0.15868222476993854,0.11464279425112994,0.09852812522555827,1.0,0.1977353820599023,0.07862858739952307,0.02116917259429818,0.05442008908532634,0.04812204987729341,0.10604596612015015,0.11423938026595606,0.030053224288281898,0.09955332674563212,0.16081488005192077,0.0746329491559427,0.010130172837933162,0.01696064160575238,0.04919840179898347,0.047707874948426335,0.0025357804499190196,0.007392463916422912,0.0002047633448547624,0.003312225165016263,0.020467219773376795,0.009663881503331346,0.026193250369991206,0.021525939435763693,0.0001468599274684347,0.015100252233690646,0.00563076335129622,0.006651566037968363,0.00015379185338050365,0.026672052092753272,0.009545900923355057,0.005572945699455379,0.018802621225875532,0.03193842071907079,0.07024962653636803,0.11555543495841315,0.02788049497169656,0.06752133256655957,0.031129933618673764,0.02574519797988872,0.04840746143260352,0.04467811140572016,0.020488528330958027,0.05132036473400895,0.022528571465669226,0.04115499736300053,0.00781737379267162,0.1066630119532236,0.038209658294752404,0.06331645615354146,0.10181310595011041
R1,0.09478692603647415,0.06194834671861244,0.037431708284651144,0.018719471154274803,0.001974849001504644,0.02188268391417806,0.00980436330588587,0.04323550575417234,0.08143698371893156,0.021283759022770916,0.22852392449495784,0.22272395401460923,0.1400710126299984,0.17872026553543027,0.1977353820599023,1.0,0.10342094497222067,0.10965783593420605,0.06993632432757874,0.03855320581890672,0.12918043839601548,0.037047734712593476,0.06916456013345032,0.025942936773455792,0.10966561934031974,0.02873843629385497,0.013328470994295136,0.006003615116903396,0.07447306828638527,0.08517158865709529,0.022175052217312696,0.07385502198646178,0.0040811074797360005,0.007925479877937612,0.06739967803709435,0.09265854950107798,0.05496418920542789,0.13699359317174864,0.04443018184115259,0.08197293525014641,0.06444111340672085,0.0291646043663694,0.014252353168127938,0.04526731869568926,0.030856847279277077,0.058600090273172936,0.10844226664815446,0.018871316401415407,0.07434271991279473,0.026965777012438057,0.02635924740659746,0.029891710999306636,0.05937519853371326,0.015904955206406966,0.08701499227947905,0.0712523100036176,0.019522042626694956,0.15237728544703974,0.12306564444419232,0.09628102624986043,0.09004657254416291,0.16087944439131355,0.18161781062868074,0.13694623240396342,0.1985709560627066
CT1(M10),0.04173641071886184,0.003702130976131317,0.05934485836825694,0.04834750644529264,0.015688456166232267,0.03268747680369368,0.03509541905440562,0.008981773908965242,0.031096418617797605,0.02754200067192629,0.05939252246241824,0.037681575549111355,0.03968854909254337,0.07921072183401688,0.07862858739952307,0.10342094497222067,1.0,0.13000248982710874,0.14599972779946022,0.15303073731722222,0.04854407019749597,0.0996603734509256,0.08866001323478676,0.0844635526041502,0.0882082015033756,0.047917972282651065,0.02959461559742658,0.009996113752569457,0.03255118741963092,0.026817820836230508,0.009509199973372427,0.07279240775537581,0.018924165519446097,0.014664231984517028,0.06554919869969247,0.1324536623594972,0.025932855576563166,0.023063010265132685,0.01940204331769004,0.05017370001876694,0.09074072124387475,0.10449649496844851,0.032165093430457266,0.03323217056046502,0.054032992810088096,0.042968439955624965,0.04916700070503931,0.06864930487511613,0.07881650549990417,0.1398888122274382,0.011549351158369862,0.057767669802005296,0.05969118487337548,0.009214057343697301,0.07315719170946913,0.05825698895388367,0.028379119851347386,0.1052907581155339,0.042649081049904704,0.006433434331708251,0.13136971667388828,0.04162567069583602,0.07686703561940557,0.10095010019717181,0.07481576189759623
Mi2,0.07424667159972512,0.06664583256910486,0.07188669306088091,0.04916853703375642,0.030163448162199184,0.1577549403713005,0.04533680428631229,0.06514480607934219,0.11977467318597597,0.014563845223244075,0.10570628845695258,0.12929646476650186,0.05307584922253204,0.0398196370102005,0.02116917259429818,0.10965783593420605,0.13000248982710874,1.0,0.20115605513245033,0.17706056740712964,0.1452895166602949,0.09837082005138646,0.22312936006055026,0.07815182223885758,0.12458695634562164,0.05754818124487357,0.06627541987796594,0.04089363834413151,0.1084092007467793,0.07590302750581551,0.06527661237126192,0.08124271125128908,0.009051192846630658,0.10734130976937409,0.1083132591432618,0.1249921342581434,0.14547546563250632,0.1106295608556753,0.06093427279081746,0.10454626458803455,0.10347145114791609,0.12106725419042313,0.035542222597195965,0.053680215772754794,0.1000638392980295,0.12979947269657585,0.04765158525503206,0.12420801928372655,0.10934735424894296,0.09357440696777529,0.0906740074656635,0.08167144225255166,0.1240379750554519,0.0674510098863871,0.10554584410924556,0.15647394927109862,0.0788149790130203,0.08944693808339073,0.12381639647972154,0.0413235189819566,0.09726062223805493,0.09344389965162833,0.12014325879269713,0.05114965277974326,0.08970047132620096
T2a,0.04581609228190717,0.01482227464755774,0.05157732627032986,0.12586949936791644,0.010209490328781962,0.23175311596590947,0.09332287480524036,0.06362137009565405,0.07247871436110431,0.013435367825225345,0.07262203852465503,0.1295323200299437,0.08011137755768157,0.09338126142543317,0.05442008908532634,0.06993632432757874,0.14599972779946022,0.20115605513245033,1.0,0.20850087967282266,0.028775548680816977,0.06835378991893591,0.20245603021972478,0.11618302319953018,0.08998623782150199,0.06926672499825484,0.04250361477887699,0.11094545995649996,0.03616532864151189,0.08728439437557196,0.08702183814833712,0.07686831632428767,0.09434062622952726,0.09177841069319437,0.19081991633584552,0.09722632525935368,0.0777701267715981,0.07915420588786594,0.017275977256615102,0.05474096860221232,0.13009611264149445,0.09057885610652708,0.06600769811065504,0.1119043629845076,0.02891280044100276,0.13709908649371869,0.09807370338386938,0.1588750633997567,0.16655974192122505,0.09465119857345615,0.08717162836653247,0.05073587067293541,0.09209524957404758,0.0756735010559085,0.030777049204999473,0.11428155870042939,0.051138490580727496,0.10057421833059586,0.06469340447556711,0.10901919096142881,0.09778410595599256,0.029182109828257887,0.08829807346905302,0.0027827143485583896,0.12771138380148966
T4b,0.008958922931852631,0.03155848621750624,0.08044456513842917,0.15633757981745444,0.07058395513884122,0.032463180973221276,0.013680830293689474,0.09136436897847641,0.06660019052190498,0.023246209151525664,0.13057453006032763,0.1445954466651615,0.059952723174999126,0.029844869917237546,0.04812204987729341,0.03855320581890672,0.15303073731722222,0.17706056740712964,0.20850087967282266,1.0,0.11446736353000954,0.01989022178316159,0.0501725287927218,0.11279773019890212,0.04378788491369098,0.07683081152301931,0.051409091146071326,0.0681547848616849,0.18240171946411368,0.20783151738534172,0.15273197917969947,0.13159243662667128,0.16384250603327044,0.055684405574255476,0.03448877860083989,0.08249296324335323,0.07699565270059952,0.12430548189593384,0.07039416857639874,0.05022765960458133,0.11810800432509201,0.2558115494377725,0.03437042290208325,0.09348011329134989,0.04486653634164034,0.11247670369374738,0.06307632334875157,0.07505002206396652,0.1156455538658149,0.07691824741389679,0.053455191649575136,0.05971979395828703,0.08931627962326812,0.05720452049644971,0.12995637515224068,0.06430705343010915,0.15885643234608357,0.1490503281369866,0.1599925245941606,0.2114128955043491,0.18284777192572235,0.10137360062388232,0.17430293967292954,0.09554627079673383,0.14808620414363186
R2,0.02083673760893247,0.018189445092486125,0.03588657793198798,0.007129854759104388,0.0020102205441866177,0.012377619975607337,0.009917584506130747,0.018021063558313535,0.05047709455082567,0.06303485754001227,0.10510938651537931,0.14139818226906847,0.0771719774584588,0.06707704245223457,0.10604596612015015,0.12918043839601548,0.04854407019749597,0.1452895166602949,0.028775548680816977,0.11446736353000954,1.0,0.1384215474992894,0.11704214387702352,0.059793746090869786,0.19830857860307854,0.025701973307528242,0.008190555407561192,0.017788539564192588,0.08826690376639627,0.023509838561321987,0.00029902580604035986,0.10504365443317726,0.0413935761015325,5.8494333084815256e-05,0.018919383987685737,0.05443812398581601,0.004338775719280841,0.05593668949687316,0.006797006986310678,0.003074487879149712,0.02010588686586094,0.03368498453665605,0.0014433806891993347,0.08414962238907227,0.04652783510095595,0.09326716303486529,0.019397085364523045,0.05989081806566381,0.08334860422794632,0.058914254965779705,0.04264118767423075,0.026589302516372034,0.07763034205813855,0.05378361965443714,0.013423621007873362,0.02028415499833007,0.0547535198902539,0.026072555622714877,0.06091300817783532,0.06589990344353608,0.025630775710799362,0.07131589590244101,0.04724868777639914,0.04905207070402399,0.043829032824417774
Tm2,0.025882236301831178,0.06758727283117173,0.021973281761037182,0.026858395723257614,0.004289773290927954,0.05620158454751083,0.01169415197339683,0.04895035013271946,0.07524613996662795,0.04811810373093201,0.07655129243608746,0.08302922772199581,0.06736677461320996,0.12154559711173635,0.11423938026595606,0.037047734712593476,0.0996603734509256,0.09837082005138646,0.06835378991893591,0.01989022178316159,0.1384215474992894,1.0,0.12314358279396868,0.2108050943412205,0.1908047719113634,0.017360919775781733,0.03641746965835033,0.03611485743715867,0.00957672400016255,0.034259383425729664,0.005259651509800756,0.05200519025711311,0.02898302218468524,0.026148949189282938,0.09240443897336004,0.04789514988319446,0.12400336214724217,0.1087654280576232,0.022227925711719398,0.07505011659253918,0.04434644153721161,0.07415619141328161,0.08507922667239116,0.08551095259896341,0.07547185489337799,0.07448622557459766,0.025935780304343077,0.13503212981628848,0.09324893667742679,0.08407439946385212,0.0343651123095454,0.10626892238824268,0.0741900354036739,0.01425479849537254,0.03543541948956737,0.012471030672238304,0.01701971655150409,0.03864702903616717,0.02900001965517453,0.02308817163838692,0.04481975443140843,0.14747378295859184,0.04687859097058317,0.0004205471758896636,0.05440311515321732
T5a,0.12210670860090916,0.05649154708879872,0.07193558029693273,0.05165800716934223,0.07824744435679758,0.054273781957432696,0.024975877354036884,0.07305378431258741,0.14194750610183915,0.09728060058893043,0.06679450977714306,0.12409974759908017,0.09127699177526474,0.14807056136356775,0.030053224288281898,0.06916456013345032,0.08866001323478676,0.22312936006055026,0.20245603021972478,0.0501725287927218,0.11704214387702352,0.12314358279396868,1.0,0.24860463777283187,0.26003127465629916,0.05605760610054024,0.0038430703063101965,0.11741351353963432,0.16004998894627975,0.10521991468725875,0.0762414645947951,0.14450642911835235,0.06780658658561972,0.1036797908812869,0.12245580554340714,0.18969691898526428,0.20419204181884726,0.126136491197137,0.036103755653315535,0.09235462983012999,0.1379715766537351,0.14794923041503982,0.1282589728148013,0.14864069457968782,0.07656179566441662,0.10357845060014269,0.04516439125315295,0.1429374480640774,0.2487223123904625,0.12507094299360652,0.07884153633121295,0.06889280748009922,0.14711639287050388,0.12011766539474383,0.0607570884078096,0.11197571109609797,0.13729957905335113,0.07781828171192552,0.14248892002058525,0.048363271355880144,0.130943960379579,0.11600304410699323,0.059452211415510284,0.010691528436467044,0.05948702809350943
CT1(Lo1),0.05829584516091149,0.09906530820965767,0.11755379263682865,0.07633135618464036,0.04076723362354074,0.04280399716211865,0.005323116315261974,0.06015097492112803,0.06984651835158374,0.01769039353729718,0.07681506685959696,0.08226879282805669,0.06397342190716138,0.06795988407547474,0.09955332674563212,0.025942936773455792,0.0844635526041502,0.07815182223885758,0.11618302319953018,0.11279773019890212,0.059793746090869786,0.2108050943412205,0.24860463777283187,1.0,0.4074505906091459,0.06775163268845186,0.042334270030093234,0.04392679191960456,0.07304186313791622,0.07300855041508848,0.03756704324228108,0.0646948064171655,0.014386036004104825,0.0799367567485382,0.10834788155042809,0.15119432175902328,0.10759071095379619,0.0675415720191726,0.023756792991503094,0.025266540819758997,0.08224879431859276,0.022964590642286332,0.07594442806909052,0.05307253677991994,0.040742674946676494,0.12240928271187687,0.07566912529711256,0.09038543840630728,0.1272702392750365,0.13409183750258039,0.06917706881492791,0.08802434844098557,0.04203995792889947,0.08376884723506388,0.05988902364389625,0.03228446170639772,0.06700436914384844,0.0445702035875088,0.03290192368000571,0.07516581149869613,0.06058736557584998,0.07748931956906523,0.04562597964526403,0.02576757902589555,0.10529414068006165
Tm1,0.09887842561011703,0.11182553082626535,0.034838948532974465,0.018922520186158927,0.010730896206627377,0.032516420396201305,0.008897584492813054,0.13520938065239393,0.1992051492289034,0.02457598976334533,0.08645471635497314,0.10689679189091689,0.14655305604135757,0.10987808185863734,0.16081488005192077,0.10966561934031974,0.0882082015033756,0.12458695634562164,0.08998623782150199,0.04378788491369098,0.19830857860307854,0.1908047719113634,0.26003127465629916,0.4074505906091459,1.0,0.06937354352680945,0.050389430434198815,0.08103493776323357,0.028718239566225268,0.04925154095045852,0.037990930414353224,0.05304318051420096,0.0009242063627087631,0.02616739190435746,0.07633401129164384,0.13337565802377477,0.09964305111725322,0.07716845322196789,0.027227023623729703,0.02222225698860695,0.08945870310339499,0.013893692096965003,0.018736140359933588,0.057573610043925486,0.0286972458163028,0.07698956950255778,0.03940274193977489,0.14131697869824644,0.12526255268255548,0.08742128744407615,0.0511523122539778,0.03205449540027857,0.0595074685670933,0.03979646800554755,0.04420005360843943,0.09488956196956008,0.05055867771041376,0.05056177508462049,0.062437238862706385,0.0636199332304943,0.10535678015887921,0.037913930982192395,0.054165802520684446,0.011519870058586342,0.09798402180766226
C3,0.005687278297447229,0.014304566586323102,0.06658778049538729,0.03391605394588391,0.05038290070421619,0.023696978347680243,0.016242231718113967,0.01956893820203139,0.07418478356912817,0.027988589008792936,0.02086350966605512,0.02129309674525615,0.05923417697525386,0.010386793627368584,0.0746329491559427,0.02873843629385497,0.047917972282651065,0.05754818124487357,0.06926672499825484,0.07683081152301931,0.025701973307528242,0.017360919775781733,0.05605760610054024,0.06775163268845186,0.06937354352680945,1.0,0.0742505663930431,0.16932535025533502,0.019565883123197163,0.09937179262413791,0.047541251774454715,0.08214776128421991,0.08506478470865271,0.06230081634884047,0.02341210789077369,0.018751490547132668,0.07231886895263255,0.06581537615703632,0.005214548484386847,0.04707208193939196,0.021655490900089055,0.055221819908256094,0.030609868159460884,0.07644299192866924,0.040846444102683475,0.09500574599615727,0.06366949919667536,0.029110327063166942,0.05394612125949159,0.13566891547112397,0.09740564709651542,0.09482131758547745,0.06940619504379851,0.008150963629819583,0.04283619067847166,0.08995697536732682,0.008294380445835272,0.029398427650034406,0.03740668177618534,0.009385531943907456,0.05039689732861725,0.03887147751522964,0.06762127632606592,0.002896606555574861,0.15661466308468067
T1,0.058243752135477105,0.04013808899139029,0.013349977318929784,0.03589914177107435,0.0005691280780683416,0.08903108446435508,0.0315336325655722,0.0318441921695967,0.0679886919335217,0.008190555407561192,0.06160173528852429,0.03951785526346992,0.08946145730747804,0.01907818309034126,0.010130172837933162,0.013328470994295136,0.02959461559742658,0.06627541987796594,0.04250361477887699,0.051409091146071326,0.008190555407561192,0.03641746965835033,0.0038430703063101965,0.042334270030093234,0.050389430434198815,0.0742505663930431,1.0,0.17622153832675605,0.11926586354313966,0.023810514639188936,0.027153066580033577,0.06217858092441626,0.05715753675736615,0.021714980431083365,0.040661901919019534,0.06916738170436283,0.051356974992339495,0.06827088359282087,0.015667987840905964,0.06569138821221056,0.03645808675343543,0.0354463718845305,0.028618113361361126,0.015240628853654842,0.11206228300687941,0.05133551025528671,0.020485464955969725,0.08346289882531883,0.028614749174938506,0.07064804240437973,0.05012528373228013,0.0835836647334148,0.13156335697193097,0.018782103086665305,0.09731899020661568,0.055507882532757444,0.025959308835040572,0.014719291685036044,0.03375596753890315,0.037853614623933066,0.04026775197816656,0.03517482048399423,0.08172867880136496,0.012172037159665942,0.07211592425847915
Lawf2,0.10083771964080154,0.030056660657707453,0.08545159474303003,0.039972561489683124,0.013510160207242907,0.0756732109398672,0.08800033040945184,0.07203748017418592,0.18571516251619316,0.11118118695653173,0.020895432320510367,0.011812439153975129,0.03479639224443952,0.02794186465926326,0.01696064160575238,0.006003615116903396,0.009996113752569457,0.04089363834413151,0.11094545995649996,0.0681547848616849,0.017788539564192588,0.03611485743715867,0.11741351353963432,0.04392679191960456,0.08103493776323357,0.16932535025533502,0.17622153832675605,1.0,0.18358294653931298,0.1307884740163894,0.07837945548525126,0.0807786615756619,0.10127438174959877,0.08923069696059538,0.1809355074074807,0.05506793400340417,0.06361815638183378,0.0926875609751327,0.023118430590534582,0.06487780867379819,0.060597464787586854,0.09897509123629285,0.07290197578945923,0.0880406763096651,0.12952074723116186,0.12555249609749214,0.10407581538120603,0.08110037076023284,0.10671103445605876,0.10342582434426584,0.09845243050238402,0.06700127782256232,0.17031422829787363,0.07253430035898753,0.049712061950722815,0.0801901172974737,0.019665253281684274,0.04627661696347813,0.04895353901019521,0.10343776535101364,0.04776350318699627,0.10003491561673927,0.06956355571598197,0.06886052794134319,0.19393668472517817
T4a,0.02375301186264792,0.005134837999507698,0.01769476816885301,0.03592469416752976,0.07061053506547833,0.05383127103856883,0.017443351739999193,0.08114148064571669,0.03017668718582238,0.04469907259024599,0.06462041719358015,0.05530432360421175,0.03281539512607342,0.0382927014895778,0.04919840179898347,0.07447306828638527,0.03255118741963092,0.1084092007467793,0.03616532864151189,0.18240171946411368,0.08826690376639627,0.00957672400016255,0.16004998894627975,0.07304186313791622,0.028718239566225268,0.019565883123197163,0.11926586354313966,0.18358294653931298,1.0,0.05969548962262774,0.08826690376639627,0.06086725803996381,0.09366646200691782,0.03295046175652152,0.04202583235358061,0.08984995043996143,0.06778599972144596,0.1629754221874158,0.20371259698475333,0.10889188575370087,0.07349875053884147,0.08787176752050094,0.1325300838910938,0.013809792394478281,0.07393630198769213,0.14226332911723744,0.044991143406452674,0.07686406915579835,0.05142624156390182,0.043390819370927335,0.04598512072306207,0.03210975520422409,0.06435079375969936,0.10977074441054824,0.07229449908147356,0.03279868635600876,0.1421696950343086,0.04091228089058441,0.12537624920255427,0.21227450587603183,0.16843766818241876,0.06514578857939998,0.15337247079652735,0.07619043449096409,0.10442241976782216
TmY18,0.00666412621809603,0.01564358725428713,0.014589970554920357,0.12697031123203004,0.052699999857199836,0.06705765452066101,0.06403739399492478,0.042020814045914956,0.07526667503149757,0.023509838561321987,0.049164218794106214,0.06155582485187371,0.0334428344361711,0.026768240543496635,0.047707874948426335,0.08517158865709529,0.026817820836230508,0.07590302750581551,0.08728439437557196,0.20783151738534172,0.023509838561321987,0.034259383425729664,0.10521991468725875,0.07300855041508848,0.04925154095045852,0.09937179262413791,0.023810514639188936,0.1307884740163894,0.05969548962262774,1.0,0.22547917603205925,0.17816749528566542,0.14745069136943978,0.10718455329082674,0.11293620424589292,0.149103016820915,0.13302872223257503,0.06956329664247446,0.089266646075998,0.1048835798819512,0.07887413806258882,0.13771337502123498,0.06980401589114299,0.1420974707715844,0.1562193499784124,0.04449882186459164,0.13020642107433242,0.05077535340145495,0.0685350305686286,0.09685086699093444,0.13994694344766928,0.0653431534785485,0.14361718448046382,0.05377818159069471,0.12609080174049403,0.09464237524713626,0.06527232517946059,0.07871253556655586,0.0728180643765127,0.05525393442328612,0.1055328104542546,0.15312078988206398,0.0874153430138899,0.0806178427340515,0.15327002825403976
TmY9,0.007619889231951282,0.007236944094418281,0.03454781542154554,0.050106941994715895,0.015446949855146684,0.03518873075707579,5.2581272400957e-05,0.08714095796008257,0.026648408153262353,0.09849344262380101,0.0060530167087235924,0.04496067186461889,0.017714134042769464,0.022834656119704547,0.0025357804499190196,0.022175052217312696,0.009509199973372427,0.06527661237126192,0.08702183814833712,0.15273197917969947,0.00029902580604035986,0.005259651509800756,0.0762414645947951,0.03756704324228108,0.037990930414353224,0.047541251774454715,0.027153066580033577,0.07837945548525126,0.08826690376639627,0.22547917603205925,1.0,0.06879397832399813,0.1978197888236861,0.0890348867077165,0.03997685845827869,0.07987337817153442,0.09075274013073241,0.10963118090834895,0.19283139345609393,0.10347691193691363,0.11699934024716149,0.11938103255925024,0.1274211696102456,0.0818055913945012,0.08812150537481186,0.0035963341770638975,0.07335312036086093,0.011843509400158998,0.09218114781482611,0.03350048136851415,0.05681306041213473,0.017026556969554046,0.15821400142868294,0.09013542576888184,0.1006282637215189,0.08574470415986438,0.025283712265503102,0.033452778443964555,0.04924126498123748,0.1756063090436701,0.09128104061331398,0.07993854485827132,0.03715296869150625,0.018540774314356866,0.026266513735753255
L1,0.0725726472521018,0.02439639468627441,0.0845797332051977,0.09624831852867827,0.11926271019755535,0.10014246205195042,0.22109742315153647,0.010183805056797402,0.06523668279367079,0.07553941756178015,0.10817463801804714,0.13926512237185582,0.1442315648875471,0.11525037794394939,0.007392463916422912,0.07385502198646178,0.07279240775537581,0.08124271125128908,0.07686831632428767,0.13159243662667128,0.10504365443317726,0.05200519025711311,0.14450642911835235,0.0646948064171655,0.05304318051420096,0.08214776128421991,0.06217858092441626,0.0807786615756619,0.06086725803996381,0.17816749528566542,0.06879397832399813,1.0,0.20785762186015622,0.2112633114468435,0.15083329947962984,0.08090463821482596,0.09164943253851379,0.19553633988902833,0.07065613181710835,0.14262909604301408,0.07027674301050395,0.23460129499466906,0.13228925543122189,0.12704919886321248,0.19913514261575557,0.08626862931677778,0.022758467364388652,0.06631623493016348,0.21448847280289354,0.09450299768232859,0.19691703178416645,0.026867738621269382,0.1661246983630039,0.03416136174814537,0.039679340073722695,0.06469368990434521,0.061805315732839365,0.13097465945074005,0.10263256351020932,0.06843944330138463,0.11560099156046025,0.05514018342685955,0.04456119487910365,0.01412803257258196,0.13436045946685357
Mi15,0.0036423923585635802,0.0005714551821696115,0.06213573153989314,0.013197380708445778,0.09862194156733006,0.03032250232856606,0.0062282588549512,0.03215751085531209,0.012120483237319787,0.0012602785728266829,0.053716508822322026,0.03836791139080871,0.024126478176342697,0.0608993091455145,0.0002047633448547624,0.0040811074797360005,0.018924165519446097,0.009051192846630658,0.09434062622952726,0.16384250603327044,0.0413935761015325,0.02898302218468524,0.06780658658561972,0.014386036004104825,0.0009242063627087631,0.08506478470865271,0.05715753675736615,0.10127438174959877,0.09366646200691782,0.14745069136943978,0.1978197888236861,0.20785762186015622,1.0,0.2535575502902141,0.053886345667301036,0.1493180292074949,0.06266775499916766,0.0700971576334133,0.038202315679826945,0.09659473633234923,0.0763494225678197,0.12643816413463208,0.09927274308437513,0.030147585177102622,0.04292960767891156,0.022668635955955932,0.07212105725114677,0.031217487441142257,0.036784668291631635,0.017287479300730137,0.022561271730875604,0.018867953066214672,0.013807998022921335,0.026254768408927733,0.03976383432138921,0.05828543135442301,0.0408970695071619,0.058229882547850956,0.02340294082968011,0.11125819753158651,0.08365130632119068,0.06156693076812133,0.017868608758856586,0.0002047633448547624,0.05466837760675884
Tm20,0.08294987312216434,0.056583695335289064,0.026599106450912315,0.04297721104457874,0.16006015537902213,0.03618503702059227,0.0038603251424064178,0.10711107747661633,0.045131543483357656,0.007235985102723416,0.11092068491317737,0.13413049260655044,0.08634083534593312,0.06297730479531546,0.003312225165016263,0.007925479877937612,0.014664231984517028,0.10734130976937409,0.09177841069319437,0.055684405574255476,5.8494333084815256e-05,0.026148949189282938,0.1036797908812869,0.0799367567485382,0.02616739190435746,0.06230081634884047,0.021714980431083365,0.08923069696059538,0.03295046175652152,0.10718455329082674,0.0890348867077165,0.2112633114468435,0.2535575502902141,1.0,0.15226534113959486,0.13806253670433377,0.10525440494972046,0.15047703089983835,0.09379891887302837,0.08045196388112004,0.08901945833886415,0.12193165145813982,0.17070075465660933,0.07160319417334085,0.19029618722102318,0.1122082563390721,0.10620878301947623,0.06893073503194697,0.07975697011932886,0.06796405681990166,0.025957217886193897,0.10757018317581478,0.10151901302029889,0.024968862222523206,0.052649793323186166,0.038345206605302835,0.0007958840437028838,0.06956598844340535,0.05007720478758702,0.012589446161068782,0.09795872692151733,0.07817079763772793,0.045379409193782416,0.06056892514175667,0.09911240146473248
T2,0.08642609370748601,0.09456377014569009,0.011450142725782408,0.05570498024314935,0.006864847776443923,0.08295273999944086,0.054103461480319505,0.09445575465492546,0.16476231175874315,0.029355599068276162,0.0689351986846689,0.058968558274109066,0.07771817417461065,0.08623459639151014,0.020467219773376795,0.06739967803709435,0.06554919869969247,0.1083132591432618,0.19081991633584552,0.03448877860083989,0.018919383987685737,0.09240443897336004,0.12245580554340714,0.10834788155042809,0.07633401129164384,0.02341210789077369,0.040661901919019534,0.1809355074074807,0.04202583235358061,0.11293620424589292,0.03997685845827869,0.15083329947962984,0.053886345667301036,0.15226534113959486,1.0,0.13352182633910215,0.20275008190494273,0.15288151308119,0.09903900164684654,0.11981701751676171,0.1778784287178934,0.09934733600098278,0.11470686343377787,0.11193521054124335,0.10364829600885586,0.07614346165940952,0.032572894117674035,0.09248042966599754,0.10435484703309508,0.08243365773896397,0.08978134571979442,0.0242433969130501,0.15597656910174235,0.01985656435096462,0.0861466465082547,0.054502379935175684,0.00985025545353471,0.1007270215732981,0.02898015906255458,0.03881207729036493,0.05340540589799379,0.11388281495822591,0.18244711834532354,0.04160326376810929,0.18383763852448573
T5d,0.07421100449045447,0.022358540286322143,0.038676411798156694,0.08353463012472809,0.056858511946662776,0.040996673091169,0.06769372683922906,0.08779238705214194,0.08411464855933466,0.033213247502303575,0.08892302665308484,0.15227485403357835,0.1401530823465838,0.118541037575802,0.009663881503331346,0.09265854950107798,0.1324536623594972,0.1249921342581434,0.09722632525935368,0.08249296324335323,0.05443812398581601,0.04789514988319446,0.18969691898526428,0.15119432175902328,0.13337565802377477,0.018751490547132668,0.06916738170436283,0.05506793400340417,0.08984995043996143,0.149103016820915,0.07987337817153442,0.08090463821482596,0.1493180292074949,0.13806253670433377,0.13352182633910215,1.0,0.20182403907275523,0.10878868330625353,0.10939091830815113,0.1764488463090471,0.19243110074814282,0.20112679696892538,0.1211540717285242,0.11568661292503424,0.13376386745777508,0.10147663975002037,0.05463643789127401,0.07612624535485456,0.059731317733129535,0.09168486140292505,0.12220737747488873,0.11169712889776705,0.12415903749344974,0.10413587432095531,0.21001747756112193,0.1059697381158885,0.04284206451566054,0.045443479535558856,0.11579560274888594,0.08022245507923681,0.13722231234625262,0.08694497079616151,0.08014268831444284,0.03477316274612502,0.08489151025125725
TmY13,0.10072024070324997,0.08874955793982821,0.06324243807329531,0.021287424889766465,0.06266775499916766,0.06593797994605448,0.030472752562950515,0.04977711769897374,0.16198401219961459,0.04383338059417309,0.053334933128106755,0.10259543572392153,0.09367091895455847,0.07969327583353776,0.026193250369991206,0.05496418920542789,0.025932855576563166,0.14547546563250632,0.0777701267715981,0.07699565270059952,0.004338775719280841,0.12400336214724217,0.20419204181884726,0.10759071095379619,0.09964305111725322,0.07231886895263255,0.051356974992339495,0.06361815638183378,0.06778599972144596,0.13302872223257503,0.09075274013073241,0.09164943253851379,0.06266775499916766,0.10525440494972046,0.20275008190494273,0.20182403907275523,1.0,0.1940621931282934,0.22562288541747538,0.22069538996163168,0.17920787056083076,0.25463698841902443,0.08578183399814324,0.0792877035846278,0.08744081563870935,0.12017975988840456,0.07638551511415509,0.09820715562067595,0.04181272176151976,0.07007467324141092,0.12273389237681134,0.10798337877486301,0.07348025749348919,0.026322312372000122,0.06254467919028,0.1687386122726078,0.02945899538785993,0.07869065848181768,0.09502398800737118,0.0737179336392474,0.09788404603664617,0.14284291654710937,0.06574048142950582,0.017326201071648686,0.14793013508453787
TmY10,0.015109721536679666,0.1147136859816556,0.042411401402604604,0.07453633856616948,0.09436482226107008,0.056843166903517386,0.0285470144537207,0.11563013830075407,0.1955866078644628,0.1159202328977299,0.1468940359029501,0.09121589372622647,0.0915112028336893,0.03770556827738434,0.021525939435763693,0.13699359317174864,0.023063010265132685,0.1106295608556753,0.07915420588786594,0.12430548189593384,0.05593668949687316,0.1087654280576232,0.126136491197137,0.0675415720191726,0.07716845322196789,0.06581537615703632,0.06827088359282087,0.0926875609751327,0.1629754221874158,0.06956329664247446,0.10963118090834895,0.19553633988902833,0.0700971576334133,0.15047703089983835,0.15288151308119,0.10878868330625353,0.1940621931282934,1.0,0.31673297293837144,0.34023836786189465,0.24016287349186766,0.18883918838465225,0.19250517249557345,0.039487627675932356,0.22241750343327196,0.15106966864432134,0.04830311531711577,0.07750778974164922,0.07989147992937502,0.11237748494216251,0.09197905274075856,0.056493796062157244,0.25297287090947596,0.16039116965835948,0.20413270708600703,0.08033946048785075,0.0884066644175718,0.11851941527059011,0.20009826815683626,0.25685775753588064,0.1759948356186217,0.1441415443559128,0.1317390000212207,0.07224319485777494,0.17429500908596554
Mi4,0.014337387808552175,0.05599526911856249,0.0020614255065738267,0.028191396815937644,0.08120823905911141,0.05619565721613434,0.013029184342018793,0.07161300736199126,0.05104806316115712,0.09213274297955198,0.009271510798632001,0.015423844731884828,0.018785383881416817,0.012038722156392243,0.0001468599274684347,0.04443018184115259,0.01940204331769004,0.06093427279081746,0.017275977256615102,0.07039416857639874,0.006797006986310678,0.022227925711719398,0.036103755653315535,0.023756792991503094,0.027227023623729703,0.005214548484386847,0.015667987840905964,0.023118430590534582,0.20371259698475333,0.089266646075998,0.19283139345609393,0.07065613181710835,0.038202315679826945,0.09379891887302837,0.09903900164684654,0.10939091830815113,0.22562288541747538,0.31673297293837144,1.0,0.47920435940379547,0.17619288366711588,0.2617134463595516,0.1781553493987899,0.01481888997167225,0.19059926403656471,0.061545650645878754,0.05029974604263784,0.0610466526420805,0.0028486918127542922,0.0703161692357198,0.00892736169460914,0.01969074483730648,0.09027172163426896,0.05321689380759443,0.08914683789195298,0.019076264640890683,0.05599526911856249,0.020976445373941992,0.04767248597998369,0.21293809918739828,0.17599047078726446,0.08328220032073258,0.04726242120277116,0.033650934310926965,0.11524584058730497
TmY5a,0.019503043598020842,0.037600480876061444,0.058433208474552537,0.02127371069735649,0.09659473633234923,0.07305725199505153,0.06477528886766945,0.0666240030290766,0.09877192124955364,0.0854945073139083,0.013947248387125723,0.050051852251476826,0.044796536875078244,0.07224098612767435,0.015100252233690646,0.08197293525014641,0.05017370001876694,0.10454626458803455,0.05474096860221232,0.05022765960458133,0.003074487879149712,0.07505011659253918,0.09235462983012999,0.025266540819758997,0.02222225698860695,0.04707208193939196,0.06569138821221056,0.06487780867379819,0.10889188575370087,0.1048835798819512,0.10347691193691363,0.14262909604301408,0.09659473633234923,0.08045196388112004,0.11981701751676171,0.1764488463090471,0.22069538996163168,0.34023836786189465,0.47920435940379547,1.0,0.21388337400380905,0.32105526728247674,0.11598896091683103,0.061104201374093725,0.26071233190874765,0.12474480945695728,0.046221565743355085,0.04128550203065201,0.06798049159654188,0.08551372871086549,0.08789372096241495,0.10982266244031011,0.13797756317109483,0.0697123474888047,0.0727501106068377,0.1394745375780769,0.033649568165396854,0.04812237623959138,0.10994668257912192,0.14525909749854177,0.16145807989358585,0.09902134912385262,0.11478834862825277,0.025675609077037396,0.13969141217565237
Tm16,0.006207127684977432,0.01199585205989241,0.03993936301995332,0.02096454746056438,0.01406022603911868,0.02981487944051785,0.050872013424027626,0.043596237345469635,0.08653084456539273,0.09040766839448194,0.050493418017570804,0.08349841339963995,0.055995996232013505,0.040332873398350295,0.00563076335129622,0.06444111340672085,0.09074072124387475,0.10347145114791609,0.13009611264149445,0.11810800432509201,0.02010588686586094,0.04434644153721161,0.1379715766537351,0.08224879431859276,0.08945870310339499,0.021655490900089055,0.03645808675343543,0.060597464787586854,0.07349875053884147,0.07887413806258882,0.11699934024716149,0.07027674301050395,0.0763494225678197,0.08901945833886415,0.1778784287178934,0.19243110074814282,0.17920787056083076,0.24016287349186766,0.17619288366711588,0.21388337400380905,1.0,0.2639187605530553,0.11843145544657832,0.14059756309030533,0.17328628619304726,0.07971373415822965,0.050445661142597034,0.13818026675055425,0.10400069691821327,0.11850484931214798,0.10224857557501216,0.04168013959390013,0.1147685879664586,0.1812754097369946,0.16182966664137036,0.11009500143275489,0.1368244106355434,0.06911060335295939,0.0654513787327208,0.13927988176723793,0.09780957856805285,0.06637614054877077,0.07914427092688316,0.012400990661427636,0.03879187923199789
TmY3,0.011188433523619515,0.017244974489059962,0.047002967879971755,0.08923086510509562,0.05321829457770339,0.07703810390005875,0.15229116091181838,0.06014358180945898,0.12457161464663413,0.04913199261752304,0.05810884929584415,0.135377961814963,0.030563593893813346,0.03618959090506365,0.006651566037968363,0.0291646043663694,0.10449649496844851,0.12106725419042313,0.09057885610652708,0.2558115494377725,0.03368498453665605,0.07415619141328161,0.14794923041503982,0.022964590642286332,0.013893692096965003,0.055221819908256094,0.0354463718845305,0.09897509123629285,0.08787176752050094,0.13771337502123498,0.11938103255925024,0.23460129499466906,0.12643816413463208,0.12193165145813982,0.09934733600098278,0.20112679696892538,0.25463698841902443,0.18883918838465225,0.2617134463595516,0.32105526728247674,0.2639187605530553,1.0,0.0972158456664564,0.13876556760609268,0.22231406042757473,0.19020656953000026,0.054682858794687976,0.07562968804639557,0.06991780368159499,0.09301960578130072,0.07789367571788626,0.11474180564689795,0.1271985583990702,0.1293572368221689,0.17730752406382236,0.14637252282761543,0.07042490777652691,0.053769482323879146,0.09063517324375428,0.14586752810278744,0.1985237403988321,0.13261021922581787,0.11129770831036687,0.005437137477353064,0.05825182770164499
Tm28,0.020409322046422564,0.014003177549428621,0.015624627261243057,0.01665191189673197,0.09303138689125696,0.06731485846177133,0.02859986864399655,0.09878766302854637,0.06667072883682468,0.05222559710371403,0.023833057297656775,0.08373313230935078,0.05667002800371262,0.031037596815634474,0.00015379185338050365,0.014252353168127938,0.032165093430457266,0.035542222597195965,0.06600769811065504,0.03437042290208325,0.0014433806891993347,0.08507922667239116,0.1282589728148013,0.07594442806909052,0.018736140359933588,0.030609868159460884,0.028618113361361126,0.07290197578945923,0.1325300838910938,0.06980401589114299,0.1274211696102456,0.13228925543122189,0.09927274308437513,0.17070075465660933,0.11470686343377787,0.1211540717285242,0.08578183399814324,0.19250517249557345,0.1781553493987899,0.11598896091683103,0.11843145544657832,0.0972158456664564,1.0,0.09080229640598769,0.1870476349686313,0.07178594120551825,0.06274084228886055,0.06842765417041506,0.12244519914301678,0.0831381137473624,0.05076337873918373,0.09764437654290367,0.09515221949032113,0.047569830802481,0.07039426121978219,0.03321421745898609,0.049283114406675904,0.03926350222917848,0.10704346858510996,0.1570223937226827,0.19232916941378278,0.10229173730199494,0.032873257606644744,0.029458914796860938,0.0917036199160244
L5,0.07517113218891938,0.07496616669364371,0.049716681614771184,0.00851494491945862,0.038873552052771806,0.06329938064702458,0.028858796877085452,0.04388571930226633,0.027919245479860407,0.0017049081833379123,0.0893868492314809,0.014633885338996523,0.009956872313349218,0.00633835409734497,0.026672052092753272,0.04526731869568926,0.03323217056046502,0.053680215772754794,0.1119043629845076,0.09348011329134989,0.08414962238907227,0.08551095259896341,0.14864069457968782,0.05307253677991994,0.057573610043925486,0.07644299192866924,0.015240628853654842,0.0880406763096651,0.013809792394478281,0.1420974707715844,0.0818055913945012,0.12704919886321248,0.030147585177102622,0.07160319417334085,0.11193521054124335,0.11568661292503424,0.0792877035846278,0.039487627675932356,0.01481888997167225,0.061104201374093725,0.14059756309030533,0.13876556760609268,0.09080229640598769,1.0,0.2469968961232831,0.07504286828913466,0.08518655909837212,0.09017513285488957,0.12456355484064933,0.1849936409818165,0.17509958439962647,0.044758713543545166,0.08592734389386433,0.04423626452732633,0.04866220909865747,0.07744808663276265,0.004611846974310114,0.05156297924958627,0.12078283546723875,0.04782131963410315,0.03140658812916644,0.07551164510919983,0.07753598653135138,0.03509995973997001,0.0620222327234294
Tm5Y,0.051961170799539776,0.02107744927057945,0.1302192065678053,0.07412370840526553,0.05669596128154667,0.05235755117031821,0.04157336711229294,0.061762837399047484,0.08461184750343802,0.006848385372058331,0.10937304055880057,0.04417613953227209,0.04583596433730748,0.03938754027383443,0.009545900923355057,0.030856847279277077,0.054032992810088096,0.1000638392980295,0.02891280044100276,0.04486653634164034,0.04652783510095595,0.07547185489337799,0.07656179566441662,0.040742674946676494,0.0286972458163028,0.040846444102683475,0.11206228300687941,0.12952074723116186,0.07393630198769213,0.1562193499784124,0.08812150537481186,0.19913514261575557,0.04292960767891156,0.19029618722102318,0.10364829600885586,0.13376386745777508,0.08744081563870935,0.22241750343327196,0.19059926403656471,0.26071233190874765,0.17328628619304726,0.22231406042757473,0.1870476349686313,0.2469968961232831,1.0,0.06360851907695703,0.06768674315139282,0.13104175570948157,0.07104473084006013,0.14586069017080114,0.11655839008376488,0.16768188972518472,0.12277703273208097,0.11638293924118669,0.07873837400422305,0.08758526880184582,0.05253074872923211,0.10766899667375814,0.10959241273305763,0.06850858713229394,0.11311391706419571,0.05341346327334618,0.07064580238518375,0.044693532243348766,0.09429466331007093
Tm4,0.055094719657212195,0.0079591610089493,0.04094483227508968,0.12993265247702035,0.09467470689335526,0.06476501988813994,0.01933462622262939,0.09108356192847183,0.1708839060202013,0.04624522429880709,0.1161235860950787,0.03568618019818005,0.051352792719467986,0.021315104615405048,0.005572945699455379,0.058600090273172936,0.042968439955624965,0.12979947269657585,0.13709908649371869,0.11247670369374738,0.09326716303486529,0.07448622557459766,0.10357845060014269,0.12240928271187687,0.07698956950255778,0.09500574599615727,0.05133551025528671,0.12555249609749214,0.14226332911723744,0.04449882186459164,0.0035963341770638975,0.08626862931677778,0.022668635955955932,0.1122082563390721,0.07614346165940952,0.10147663975002037,0.12017975988840456,0.15106966864432134,0.061545650645878754,0.12474480945695728,0.07971373415822965,0.19020656953000026,0.07178594120551825,0.07504286828913466,0.06360851907695703,1.0,0.1641921231172294,0.035021721399973546,0.07641844745408491,0.1428722758401029,0.07256729333021089,0.06985215941494603,0.11519756523661831,0.1296156182054262,0.18254285329209335,0.09891987626585717,0.13371765729507465,0.06167541933583474,0.07264813422668594,0.20008273454715542,0.11032534479427052,0.16506251918370815,0.14404744589046067,0.14189163428119403,0.15884792345337662
Tm9,0.01042320082571491,0.02077966331271527,0.06868026644134448,0.026916114925379243,0.053663903320236524,0.06841342238404341,0.01987324622749759,0.04905486657562326,0.058324667963359535,0.0016052184454560204,0.05332503075278408,0.07350245563065205,0.0376773203671171,0.04828703077868063,0.018802621225875532,0.10844226664815446,0.04916700070503931,0.04765158525503206,0.09807370338386938,0.06307632334875157,0.019397085364523045,0.025935780304343077,0.04516439125315295,0.07566912529711256,0.03940274193977489,0.06366949919667536,0.020485464955969725,0.10407581538120603,0.044991143406452674,0.13020642107433242,0.07335312036086093,0.022758467364388652,0.07212105725114677,0.10620878301947623,0.032572894117674035,0.05463643789127401,0.07638551511415509,0.04830311531711577,0.05029974604263784,0.046221565743355085,0.050445661142597034,0.054682858794687976,0.06274084228886055,0.08518655909837212,0.06768674315139282,0.1641921231172294,1.0,0.04283264883700281,0.08030509777209151,0.08310931929186316,0.0790717071774486,0.05048358774128414,0.06963748854160987,0.013673755606911588,0.04148145434978411,0.06640331926493487,0.03003977422167694,0.05431535081522545,0.011628713093142704,0.04514052298974143,0.024054820159872876,0.13241956527618595,0.06756612884822066,0.059578506530851914,0.06259022440001479
R8,0.010815101963783899,0.081576362440874,0.0692228319701777,0.07124331201055749,0.10234625065114189,0.0760602132251767,0.058445454563931944,0.11672585552577909,0.07378480503838906,0.010917682745849887,0.12964741233468752,0.04748137246711179,0.09854106080480335,0.05206738593010702,0.03193842071907079,0.018871316401415407,0.06864930487511613,0.12420801928372655,0.1588750633997567,0.07505002206396652,0.05989081806566381,0.13503212981628848,0.1429374480640774,0.09038543840630728,0.14131697869824644,0.029110327063166942,0.08346289882531883,0.08110037076023284,0.07686406915579835,0.05077535340145495,0.011843509400158998,0.06631623493016348,0.031217487441142257,0.06893073503194697,0.09248042966599754,0.07612624535485456,0.09820715562067595,0.07750778974164922,0.0610466526420805,0.04128550203065201,0.13818026675055425,0.07562968804639557,0.06842765417041506,0.09017513285488957,0.13104175570948157,0.035021721399973546,0.04283264883700281,1.0,0.2078211715623211,0.31686728292655053,0.19968450370275947,0.10901951350998951,0.14183246220013324,0.09500742474136868,0.11959905800050333,0.0900486979060447,0.019395393637101348,0.13493666436318408,0.11069722451058465,0.04223175595599081,0.12821111470292615,0.07716623321635493,0.10513731042619916,0.034064466495273706,0.10999121219441897
Tm5b,0.05740741112477628,0.062150429425034334,0.08530289948481068,0.05027636343474486,0.06050599089873042,0.15206780263914815,0.07402873465650606,0.032995480433888044,0.1555044601701067,0.11806158104441422,0.10369491634617087,0.08476677791164897,0.07631272963521178,0.06491882512635318,0.07024962653636803,0.07434271991279473,0.07881650549990417,0.10934735424894296,0.16655974192122505,0.1156455538658149,0.08334860422794632,0.09324893667742679,0.2487223123904625,0.1272702392750365,0.12526255268255548,0.05394612125949159,0.028614749174938506,0.10671103445605876,0.05142624156390182,0.0685350305686286,0.09218114781482611,0.21448847280289354,0.036784668291631635,0.07975697011932886,0.10435484703309508,0.059731317733129535,0.04181272176151976,0.07989147992937502,0.0028486918127542922,0.06798049159654188,0.10400069691821327,0.06991780368159499,0.12244519914301678,0.12456355484064933,0.07104473084006013,0.07641844745408491,0.08030509777209151,0.2078211715623211,1.0,0.2734806520037727,0.2828096449648579,0.08973379879993724,0.1908085908526044,0.06761704500638206,0.0976236229160698,0.15170521606738316,0.05074931806570373,0.13905846500990773,0.14135303005709277,0.049982086316867784,0.09675713571626347,0.08787591978468509,0.1347049065195628,0.14228299426452484,0.08269920241512295
R7,0.016335162375679134,0.012915775409137662,0.08487355597239861,0.07462805508794353,0.1234793276572577,0.09428946786470402,0.05208105521640518,0.07937020267280316,0.10133306563669862,0.010794892201071632,0.13911085791962263,0.1307584511201554,0.08773447022703786,0.07614439623519377,0.11555543495841315,0.026965777012438057,0.1398888122274382,0.09357440696777529,0.09465119857345615,0.07691824741389679,0.058914254965779705,0.08407439946385212,0.12507094299360652,0.13409183750258039,0.08742128744407615,0.13566891547112397,0.07064804240437973,0.10342582434426584,0.043390819370927335,0.09685086699093444,0.03350048136851415,0.09450299768232859,0.017287479300730137,0.06796405681990166,0.08243365773896397,0.09168486140292505,0.07007467324141092,0.11237748494216251,0.0703161692357198,0.08551372871086549,0.11850484931214798,0.09301960578130072,0.0831381137473624,0.1849936409818165,0.14586069017080114,0.1428722758401029,0.08310931929186316,0.31686728292655053,0.2734806520037727,1.0,0.35552481892545906,0.13365326371843925,0.19231087394421995,0.06662282884768386,0.1479278445805738,0.06217595983140943,0.00685062743638282,0.10046728367136457,0.1140055371316512,0.09396415401687948,0.09262732079209464,0.09043153744013473,0.11483392410101952,0.09831711536285194,0.11031780867113362
Tm5a,0.005430325746404919,0.00278063960454352,0.10297310032647489,0.052913832500133574,0.0980263992309653,0.12735227527164464,0.11622117654922137,0.033408000698716814,0.17367657271589299,0.0353288583891082,0.1001857625206718,0.07576650784255243,0.08801742617360847,0.011589053129817506,0.02788049497169656,0.02635924740659746,0.011549351158369862,0.0906740074656635,0.08717162836653247,0.053455191649575136,0.04264118767423075,0.0343651123095454,0.07884153633121295,0.06917706881492791,0.0511523122539778,0.09740564709651542,0.05012528373228013,0.09845243050238402,0.04598512072306207,0.13994694344766928,0.05681306041213473,0.19691703178416645,0.022561271730875604,0.025957217886193897,0.08978134571979442,0.12220737747488873,0.12273389237681134,0.09197905274075856,0.00892736169460914,0.08789372096241495,0.10224857557501216,0.07789367571788626,0.05076337873918373,0.17509958439962647,0.11655839008376488,0.07256729333021089,0.0790717071774486,0.19968450370275947,0.2828096449648579,0.35552481892545906,1.0,0.11983712678475522,0.17854029889214068,0.15144456257499236,0.06489225584022223,0.16893530051617306,0.04207600097730888,0.143872445349418,0.09338042143813312,0.0802037754422029,0.04072869581075424,0.06692568648700768,0.09855539285333867,0.03299574046516657,0.05114117586142437
T5c,0.05640887113765378,0.007631402248149707,0.12402901775828419,0.13138278881234844,0.04222973855557128,0.08634129606718359,0.07068561935847793,0.021991380266211776,0.08776009645777087,0.003140324822131758,0.028447795742796617,0.09455975587262473,0.05075344942820098,0.09606591930685093,0.06752133256655957,0.029891710999306636,0.057767669802005296,0.08167144225255166,0.05073587067293541,0.05971979395828703,0.026589302516372034,0.10626892238824268,0.06889280748009922,0.08802434844098557,0.03205449540027857,0.09482131758547745,0.0835836647334148,0.06700127782256232,0.03210975520422409,0.0653431534785485,0.017026556969554046,0.026867738621269382,0.018867953066214672,0.10757018317581478,0.0242433969130501,0.11169712889776705,0.10798337877486301,0.056493796062157244,0.01969074483730648,0.10982266244031011,0.04168013959390013,0.11474180564689795,0.09764437654290367,0.044758713543545166,0.16768188972518472,0.06985215941494603,0.05048358774128414,0.10901951350998951,0.08973379879993724,0.13365326371843925,0.11983712678475522,1.0,0.1016302392051852,0.17611037570684898,0.1187760352657523,0.10837447847136641,0.007631402248149707,0.1600066411467785,0.07993490733450334,0.038242029651650786,0.07079673794935071,0.155342381680833,0.06075083559847887,0.01874377533128183,0.02370162365494308
Mi13,0.023917231491843136,0.007932643571877186,0.08222381880005764,0.08031514257060889,0.029175671616886424,0.1218498188396068,0.13392348206309956,0.11548285523817786,0.12689646188703732,0.05444456968360235,0.06505335702153751,0.1031452944594988,0.08877664401992402,0.06251498427439443,0.031129933618673764,0.05937519853371326,0.05969118487337548,0.1240379750554519,0.09209524957404758,0.08931627962326812,0.07763034205813855,0.0741900354036739,0.14711639287050388,0.04203995792889947,0.0595074685670933,0.06940619504379851,0.13156335697193097,0.17031422829787363,0.06435079375969936,0.14361718448046382,0.15821400142868294,0.1661246983630039,0.013807998022921335,0.10151901302029889,0.15597656910174235,0.12415903749344974,0.07348025749348919,0.25297287090947596,0.09027172163426896,0.13797756317109483,0.1147685879664586,0.1271985583990702,0.09515221949032113,0.08592734389386433,0.12277703273208097,0.11519756523661831,0.06963748854160987,0.14183246220013324,0.1908085908526044,0.19231087394421995,0.17854029889214068,0.1016302392051852,1.0,0.19796610212041765,0.2346405723705745,0.08865305869120954,0.0644288833735833,0.11296507280031241,0.1687666630659369,0.15361032493677712,0.12648856232021902,0.12592453297580516,0.06048498808391934,0.047274817011775085,0.10781886088682223
Mi12,0.04277763693508703,0.008713984726931094,0.1066268890902517,0.11652158237121284,0.0003714020087956611,0.027856819006212636,0.0055696411161644905,0.08506005166898518,0.09192537415481455,0.050398063781722936,0.05372252603202072,0.03834618281851765,0.051200405277183815,0.013668480411351651,0.02574519797988872,0.015904955206406966,0.009214057343697301,0.0674510098863871,0.0756735010559085,0.05720452049644971,0.05378361965443714,0.01425479849537254,0.12011766539474383,0.08376884723506388,0.03979646800554755,0.008150963629819583,0.018782103086665305,0.07253430035898753,0.10977074441054824,0.05377818159069471,0.09013542576888184,0.03416136174814537,0.026254768408927733,0.024968862222523206,0.01985656435096462,0.10413587432095531,0.026322312372000122,0.16039116965835948,0.05321689380759443,0.0697123474888047,0.1812754097369946,0.1293572368221689,0.047569830802481,0.04423626452732633,0.11638293924118669,0.1296156182054262,0.013673755606911588,0.09500742474136868,0.06761704500638206,0.06662282884768386,0.15144456257499236,0.17611037570684898,0.19796610212041765,1.0,0.26935342382701455,0.11314449209425288,0.19934407362133388,0.10483460632220502,0.07600402858473813,0.15156444326292956,0.04825389455338299,0.053886466003579256,0.0847853182626667,0.0750535915691988,0.05323542363565652
TmY14,0.07542868212897079,0.04855166773253786,0.029437075250722897,0.06278282508733728,0.028851506077532518,0.044462351005189936,0.009163842935090191,0.13166666591165463,0.037813801183678324,0.05711197314664257,0.0826067892302294,0.04235323064425206,0.06534103800282046,0.021183069657343283,0.04840746143260352,0.08701499227947905,0.07315719170946913,0.10554584410924556,0.030777049204999473,0.12995637515224068,0.013423621007873362,0.03543541948956737,0.0607570884078096,0.05988902364389625,0.04420005360843943,0.04283619067847166,0.09731899020661568,0.049712061950722815,0.07229449908147356,0.12609080174049403,0.1006282637215189,0.039679340073722695,0.03976383432138921,0.052649793323186166,0.0861466465082547,0.21001747756112193,0.06254467919028,0.20413270708600703,0.08914683789195298,0.0727501106068377,0.16182966664137036,0.17730752406382236,0.07039426121978219,0.04866220909865747,0.07873837400422305,0.18254285329209335,0.04148145434978411,0.11959905800050333,0.0976236229160698,0.1479278445805738,0.06489225584022223,0.1187760352657523,0.2346405723705745,0.26935342382701455,1.0,0.1303942881721282,0.09842666789635954,0.06637877086286813,0.05423947190799939,0.1516126803099269,0.08870920953818567,0.13272330774218144,0.12294954475129133,0.0993770237718948,0.09960811810536847
Mi10,0.05780323293110524,0.07007382939239828,0.05362408819105175,0.040108970270246985,0.03116230661221885,0.07978622697311373,0.05327810619140711,0.07417799418457374,0.09744256617944919,0.06019983453754921,0.1084076563073724,0.0819819128407397,0.032236051116518935,0.03314797669161406,0.04467811140572016,0.0712523100036176,0.05825698895388367,0.15647394927109862,0.11428155870042939,0.06430705343010915,0.02028415499833007,0.012471030672238304,0.11197571109609797,0.03228446170639772,0.09488956196956008,0.08995697536732682,0.055507882532757444,0.0801901172974737,0.03279868635600876,0.09464237524713626,0.08574470415986438,0.06469368990434521,0.05828543135442301,0.038345206605302835,0.054502379935175684,0.1059697381158885,0.1687386122726078,0.08033946048785075,0.019076264640890683,0.1394745375780769,0.11009500143275489,0.14637252282761543,0.03321421745898609,0.07744808663276265,0.08758526880184582,0.09891987626585717,0.06640331926493487,0.0900486979060447,0.15170521606738316,0.06217595983140943,0.16893530051617306,0.10837447847136641,0.08865305869120954,0.11314449209425288,0.1303942881721282,1.0,0.15281669006136825,0.1313726046625245,0.0738557871275459,0.15823845350775687,0.089606051508631,0.11196773903620168,0.11311987338233483,0.035036726682442954,0.07577752138728772
Mi9,0.036560277444635,0.02966494304956762,0.01619210559292721,0.02988050711791727,0.0005714551821696115,0.026407930367480376,0.0004067864845422677,0.025641259977189877,0.035086008015756384,0.043629310311198974,0.014553962567580429,0.053809994367887755,0.07351354239547626,0.024567491599559687,0.020488528330958027,0.019522042626694956,0.028379119851347386,0.0788149790130203,0.051138490580727496,0.15885643234608357,0.0547535198902539,0.01701971655150409,0.13729957905335113,0.06700436914384844,0.05055867771041376,0.008294380445835272,0.025959308835040572,0.019665253281684274,0.1421696950343086,0.06527232517946059,0.025283712265503102,0.061805315732839365,0.0408970695071619,0.0007958840437028838,0.00985025545353471,0.04284206451566054,0.02945899538785993,0.0884066644175718,0.05599526911856249,0.033649568165396854,0.1368244106355434,0.07042490777652691,0.049283114406675904,0.004611846974310114,0.05253074872923211,0.13371765729507465,0.03003977422167694,0.019395393637101348,0.05074931806570373,0.00685062743638282,0.04207600097730888,0.007631402248149707,0.0644288833735833,0.19934407362133388,0.09842666789635954,0.15281669006136825,1.0,0.04479832193596151,0.07424066969705076,0.2623096747362807,0.12446522528542682,0.026381928125519705,0.09039666857199222,0.128208024095816,0.10831136599786712
Mi3,0.0771142952187725,0.13498841644376178,0.13460492129163462,0.08957762575993987,0.03539788283197303,0.04184222228974599,0.03079817585193452,0.10055073758136694,0.03837508535637731,0.04617421630729336,0.09622625334969517,0.07362058277477367,0.021430903550949593,0.038414880053438724,0.05132036473400895,0.15237728544703974,0.1052907581155339,0.08944693808339073,0.10057421833059586,0.1490503281369866,0.026072555622714877,0.03864702903616717,0.07781828171192552,0.0445702035875088,0.05056177508462049,0.029398427650034406,0.014719291685036044,0.04627661696347813,0.04091228089058441,0.07871253556655586,0.033452778443964555,0.13097465945074005,0.058229882547850956,0.06956598844340535,0.1007270215732981,0.045443479535558856,0.07869065848181768,0.11851941527059011,0.020976445373941992,0.04812237623959138,0.06911060335295939,0.053769482323879146,0.03926350222917848,0.05156297924958627,0.10766899667375814,0.06167541933583474,0.05431535081522545,0.13493666436318408,0.13905846500990773,0.10046728367136457,0.143872445349418,0.1600066411467785,0.11296507280031241,0.10483460632220502,0.06637877086286813,0.1313726046625245,0.04479832193596151,1.0,0.35985818385783797,0.17035689728998538,0.1411139255347332,0.11077583838456136,0.1412018454040415,0.11062876611468553,0.1376404959925161
TmY4,0.14161165257557343,0.08840949655510787,0.07750159712813788,0.07127279962665661,0.01388621262151629,0.04434438999456977,0.037620817459580756,0.09048929755250958,0.07667755120315504,0.04742696956996855,0.0768493081561944,0.12922900319166924,0.06299451459290022,0.01723364628426303,0.022528571465669226,0.12306564444419232,0.042649081049904704,0.12381639647972154,0.06469340447556711,0.1599925245941606,0.06091300817783532,0.02900001965517453,0.14248892002058525,0.03290192368000571,0.062437238862706385,0.03740668177618534,0.03375596753890315,0.04895353901019521,0.12537624920255427,0.0728180643765127,0.04924126498123748,0.10263256351020932,0.02340294082968011,0.05007720478758702,0.02898015906255458,0.11579560274888594,0.09502398800737118,0.20009826815683626,0.04767248597998369,0.10994668257912192,0.0654513787327208,0.09063517324375428,0.10704346858510996,0.12078283546723875,0.10959241273305763,0.07264813422668594,0.011628713093142704,0.11069722451058465,0.14135303005709277,0.1140055371316512,0.09338042143813312,0.07993490733450334,0.1687666630659369,0.07600402858473813,0.05423947190799939,0.0738557871275459,0.07424066969705076,0.35985818385783797,1.0,0.3354778968860873,0.23865356598964002,0.12787258982356448,0.07818915066042476,0.049945954553162475,0.11435805457091304
T4c,0.0477449765783486,0.0395584472496341,0.11117872716257773,0.08762389056282575,0.03175158673429475,0.021747249855622482,0.10933684621763161,0.15751934607611126,0.07966210697883301,0.10189366420911074,0.048069748870101126,0.047131369429496535,0.05114803809481416,0.005594532059960607,0.04115499736300053,0.09628102624986043,0.006433434331708251,0.0413235189819566,0.10901919096142881,0.2114128955043491,0.06589990344353608,0.02308817163838692,0.048363271355880144,0.07516581149869613,0.0636199332304943,0.009385531943907456,0.037853614623933066,0.10343776535101364,0.21227450587603183,0.05525393442328612,0.1756063090436701,0.06843944330138463,0.11125819753158651,0.012589446161068782,0.03881207729036493,0.08022245507923681,0.0737179336392474,0.25685775753588064,0.21293809918739828,0.14525909749854177,0.13927988176723793,0.14586752810278744,0.1570223937226827,0.04782131963410315,0.06850858713229394,0.20008273454715542,0.04514052298974143,0.04223175595599081,0.049982086316867784,0.09396415401687948,0.0802037754422029,0.038242029651650786,0.15361032493677712,0.15156444326292956,0.1516126803099269,0.15823845350775687,0.2623096747362807,0.17035689728998538,0.3354778968860873,1.0,0.32907111117505705,0.13046972501551418,0.1921802980686912,0.17371132403040906,0.21847942136426152
T4d,0.04521474265323484,0.010055686762317837,0.016854735290327598,0.06978810885155454,0.02331059113170603,0.04530824027248599,0.05355002651627614,0.10346794648345309,0.03592063808501199,0.043304352357866185,0.06964249228536035,0.09066027784058527,0.11551501442474071,0.05184142187047834,0.00781737379267162,0.09004657254416291,0.13136971667388828,0.09726062223805493,0.09778410595599256,0.18284777192572235,0.025630775710799362,0.04481975443140843,0.130943960379579,0.06058736557584998,0.10535678015887921,0.05039689732861725,0.04026775197816656,0.04776350318699627,0.16843766818241876,0.1055328104542546,0.09128104061331398,0.11560099156046025,0.08365130632119068,0.09795872692151733,0.05340540589799379,0.13722231234625262,0.09788404603664617,0.1759948356186217,0.17599047078726446,0.16145807989358585,0.09780957856805285,0.1985237403988321,0.19232916941378278,0.03140658812916644,0.11311391706419571,0.11032534479427052,0.024054820159872876,0.12821111470292615,0.09675713571626347,0.09262732079209464,0.04072869581075424,0.07079673794935071,0.12648856232021902,0.04825389455338299,0.08870920953818567,0.089606051508631,0.12446522528542682,0.1411139255347332,0.23865356598964002,0.32907111117505705,1.0,0.1255739896424492,0.18867399175586064,0.16525415577809327,0.21950529434236585
Mi14,0.0372447187367935,0.12286175477876282,0.04116886729477015,0.02969775838954871,0.03641997652700896,0.10323748712410301,0.017258259130899577,0.07206308528833316,0.13879409010783364,0.025755912179213192,0.1417746118371469,0.09203284626158759,0.10376684173654023,0.05108444223207832,0.1066630119532236,0.16087944439131355,0.04162567069583602,0.09344389965162833,0.029182109828257887,0.10137360062388232,0.07131589590244101,0.14747378295859184,0.11600304410699323,0.07748931956906523,0.037913930982192395,0.03887147751522964,0.03517482048399423,0.10003491561673927,0.06514578857939998,0.15312078988206398,0.07993854485827132,0.05514018342685955,0.06156693076812133,0.07817079763772793,0.11388281495822591,0.08694497079616151,0.14284291654710937,0.1441415443559128,0.08328220032073258,0.09902134912385262,0.06637614054877077,0.13261021922581787,0.10229173730199494,0.07551164510919983,0.05341346327334618,0.16506251918370815,0.13241956527618595,0.07716623321635493,0.08787591978468509,0.09043153744013473,0.06692568648700768,0.155342381680833,0.12592453297580516,0.053886466003579256,0.13272330774218144,0.11196773903620168,0.026381928125519705,0.11077583838456136,0.12787258982356448,0.13046972501551418,0.1255739896424492,1.0,0.19647398411996927,0.2424329932263966,0.21849276447848107
Tm30,0.15958933832074929,0.059648893049939644,0.0812042832688998,0.043179919062102674,0.027713967056872058,0.06292935156211998,0.059727234336505855,0.10747755621630395,0.07011847977190756,0.06610833273897083,0.0790215213806163,0.0565563844235329,0.07346327725422509,0.06070139975012117,0.038209658294752404,0.18161781062868074,0.07686703561940557,0.12014325879269713,0.08829807346905302,0.17430293967292954,0.04724868777639914,0.04687859097058317,0.059452211415510284,0.04562597964526403,0.054165802520684446,0.06762127632606592,0.08172867880136496,0.06956355571598197,0.15337247079652735,0.0874153430138899,0.03715296869150625,0.04456119487910365,0.017868608758856586,0.045379409193782416,0.18244711834532354,0.08014268831444284,0.06574048142950582,0.1317390000212207,0.04726242120277116,0.11478834862825277,0.07914427092688316,0.11129770831036687,0.032873257606644744,0.07753598653135138,0.07064580238518375,0.14404744589046067,0.06756612884822066,0.10513731042619916,0.1347049065195628,0.11483392410101952,0.09855539285333867,0.06075083559847887,0.06048498808391934,0.0847853182626667,0.12294954475129133,0.11311987338233483,0.09039666857199222,0.1412018454040415,0.07818915066042476,0.1921802980686912,0.18867399175586064,0.19647398411996927,1.0,0.41821538842046724,0.4465059913495061
Mi11,0.13435417991710616,0.05098544711915018,0.04070352244109901,0.0035316702293181333,0.0002047633448547624,0.07335534965686812,0.01360263797411315,0.05160606594166715,0.010358813410886361,0.016088622518561673,0.12145036004140584,0.04639976736969057,0.07077865077546254,0.043690412004991866,0.06331645615354146,0.13694623240396342,0.10095010019717181,0.05114965277974326,0.0027827143485583896,0.09554627079673383,0.04905207070402399,0.0004205471758896636,0.010691528436467044,0.02576757902589555,0.011519870058586342,0.002896606555574861,0.012172037159665942,0.06886052794134319,0.07619043449096409,0.0806178427340515,0.018540774314356866,0.01412803257258196,0.0002047633448547624,0.06056892514175667,0.04160326376810929,0.03477316274612502,0.017326201071648686,0.07224319485777494,0.033650934310926965,0.025675609077037396,0.012400990661427636,0.005437137477353064,0.029458914796860938,0.03509995973997001,0.044693532243348766,0.14189163428119403,0.059578506530851914,0.034064466495273706,0.14228299426452484,0.09831711536285194,0.03299574046516657,0.01874377533128183,0.047274817011775085,0.0750535915691988,0.0993770237718948,0.035036726682442954,0.128208024095816,0.11062876611468553,0.049945954553162475,0.17371132403040906,0.16525415577809327,0.2424329932263966,0.41821538842046724,1.0,0.545621659443655
Tm3,0.1256623843530472,0.07136658609020599,0.04923221289108915,0.020448008687338544,0.048661869392478484,0.07076114418891846,0.042308773927987174,0.06567660845185579,0.029976561971554787,0.0371868146270696,0.16044339996892787,0.04026035060818773,0.10326958847991298,0.053260540316801594,0.10181310595011041,0.1985709560627066,0.07481576189759623,0.08970047132620096,0.12771138380148966,0.14808620414363186,0.043829032824417774,0.05440311515321732,0.05948702809350943,0.10529414068006165,0.09798402180766226,0.15661466308468067,0.07211592425847915,0.19393668472517817,0.10442241976782216,0.15327002825403976,0.026266513735753255,0.13436045946685357,0.05466837760675884,0.09911240146473248,0.18383763852448573,0.08489151025125725,0.14793013508453787,0.17429500908596554,0.11524584058730497,0.13969141217565237,0.03879187923199789,0.05825182770164499,0.0917036199160244,0.0620222327234294,0.09429466331007093,0.15884792345337662,0.06259022440001479,0.10999121219441897,0.08269920241512295,0.11031780867113362,0.05114117586142437,0.02370162365494308,0.10781886088682223,0.05323542363565652,0.09960811810536847,0.07577752138728772,0.10831136599786712,0.1376404959925161,0.11435805457091304,0.21847942136426152,0.21950529434236585,0.21849276447848107,0.4465059913495061,0.545621659443655,1.0
